ticker,code,name,segment,sector33,board_lot,is_main
0001.HK,0001,CKH HOLDINGS,Main Board,-,500,True
0002.HK,0002,CLP HOLDINGS,Main Board,-,500,True
0003.HK,0003,HK & CHINA GAS,Main Board,-,"1,000",True
0004.HK,0004,WHARF HOLDINGS,Main Board,-,"1,000",True
0005.HK,0005,HSBC HOLDINGS,Main Board,-,400,True
0006.HK,0006,POWER ASSETS,Main Board,-,500,True
0008.HK,0008,PCCW,Main Board,-,"1,000",True
0010.HK,0010,HANG LUNG GROUP,Main Board,-,"1,000",True
0012.HK,0012,HENDERSON LAND,Main Board,-,"1,000",True
0013.HK,0013,HUTCHMED,Main Board,-,500,True
0014.HK,0014,HYSAN DEV,Main Board,-,"1,000",True
0016.HK,0016,SHK PPT,Main Board,-,500,True
0017.HK,0017,NEW WORLD DEV,Main Board,-,"1,000",True
0018.HK,0018,ORIENTAL M G,Main Board,-,"2,000",True
0019.HK,0019,SWIRE PACIFIC A,Main Board,-,500,True
0020.HK,0020,SENSETIME-W,Main Board,-,"1,000",True
0021.HK,0021,GREAT CHI HLDGS,Main Board,-,"5,000",True
0022.HK,0022,MEXAN,Main Board,-,"2,000",True
0023.HK,0023,BANK OF E ASIA,Main Board,-,200,True
0025.HK,0025,CHEVALIER INT'L,Main Board,-,"2,000",True
0026.HK,0026,CHINA MOTOR BUS,Main Board,-,200,True
0027.HK,0027,GALAXY ENT,Main Board,-,"1,000",True
0028.HK,0028,TIAN AN,Main Board,-,"1,000",True
0029.HK,0029,DYNAMIC HOLD,Main Board,-,"2,000",True
0030.HK,0030,YNBY INTL,Main Board,-,"2,000",True
0031.HK,0031,CHINA AEROSPACE,Main Board,-,"2,000",True
0032.HK,0032,CROSS-HAR(HOLD),Main Board,-,"1,000",True
0033.HK,0033,INTL GENIUS,Main Board,-,"2,000",True
0034.HK,0034,KOWLOON DEV,Main Board,-,"1,000",True
0035.HK,0035,FE CONSORT INTL,Main Board,-,"1,000",True
0036.HK,0036,FE HLDGS INTL,Main Board,-,"6,000",True
0037.HK,0037,FE HOTELS,Main Board,-,"2,000",True
0038.HK,0038,FIRST TRACTOR,Main Board,-,"2,000",True
0039.HK,0039,CH BEIDAHUANG,Main Board,-,"8,000",True
0040.HK,0040,GOLD PEAK,Main Board,-,"1,000",True
0041.HK,0041,GREAT EAGLE H,Main Board,-,"1,000",True
0042.HK,0042,NE ELECTRIC,Main Board,-,"2,000",True
0045.HK,0045,HK&S HOTELS,Main Board,-,500,True
0046.HK,0046,COMPUTER & TECH,Main Board,-,"2,000",True
0048.HK,0048,C AUTO INT DECO,Main Board,-,"10,000",True
0050.HK,0050,HK FERRY (HOLD),Main Board,-,"1,000",True
0051.HK,0051,HARBOUR CENTRE,Main Board,-,"1,000",True
0052.HK,0052,FAIRWOOD HOLD,Main Board,-,500,True
0053.HK,0053,GUOCO GROUP,Main Board,-,"1,000",True
0055.HK,0055,NEWAY GROUP,Main Board,-,"10,000",True
0057.HK,0057,CHEN HSONG HOLD,Main Board,-,"2,000",True
0058.HK,0058,SUNWAY INT'L,Main Board,-,"20,000",True
0059.HK,0059,SKYFAME REALTY,Main Board,-,"2,000",True
0060.HK,0060,HK FOOD INV,Main Board,-,"2,000",True
0061.HK,0061,GREEN LEADER,Main Board,-,"10,000",True
0062.HK,0062,TRANSPORT INT'L,Main Board,-,400,True
0063.HK,0063,CHI ASIA VALLEY,Main Board,-,"1,000",True
0064.HK,0064,GET NICE,Main Board,-,"2,000",True
0065.HK,0065,GRAND OCEAN AR,Main Board,-,"4,000",True
0066.HK,0066,MTR CORPORATION,Main Board,-,500,True
0068.HK,0068,MANYCORE TECH,Main Board,-,500,True
0069.HK,0069,SHANGRI-LA ASIA,Main Board,-,"2,000",True
0070.HK,0070,RICH GOLDMAN,Main Board,-,"10,000",True
0071.HK,0071,MIRAMAR HOTEL,Main Board,-,"1,000",True
0072.HK,0072,META MEDIA,Main Board,-,"2,000",True
0073.HK,0073,ASIAN CITRUS,Main Board,-,"1,000",True
0075.HK,0075,Y.T. REALTY,Main Board,-,"2,000",True
0076.HK,0076,ELATE HOLDINGS,Main Board,-,"4,000",True
0077.HK,0077,AMS TRANSPORT,Main Board,-,"2,000",True
0078.HK,0078,REGAL INT'L,Main Board,-,"2,000",True
0079.HK,0079,CENTURY LEGEND,Main Board,-,"4,000",True
0081.HK,0081,CH OVS G OCEANS,Main Board,-,"1,000",True
0082.HK,0082,CRAZY SPORTS,Main Board,-,"2,000",True
0083.HK,0083,SINO LAND,Main Board,-,"2,000",True
0084.HK,0084,STELUX HOLDINGS,Main Board,-,"1,000",True
0085.HK,0085,CE HUADA TECH,Main Board,-,"2,000",True
0086.HK,0086,SUN HUNG KAI CO,Main Board,-,"1,000",True
0087.HK,0087,SWIRE PACIFIC B,Main Board,-,"2,500",True
0088.HK,0088,TAI CHEUNG HOLD,Main Board,-,"1,000",True
0089.HK,0089,TAI SANG LAND,Main Board,-,"1,000",True
0090.HK,0090,PUXING ENERGY,Main Board,-,"2,000",True
0092.HK,0092,CHAMPION TECH,Main Board,-,"12,000",True
0093.HK,0093,ZERO FINTECH,Main Board,-,"2,000",True
0094.HK,0094,GREENHEART GP,Main Board,-,"80,000",True
0095.HK,0095,LVGEM CHINA,Main Board,-,"2,000",True
0096.HK,0096,YUSEI,Main Board,-,"2,000",True
0097.HK,0097,HENDERSON INV,Main Board,-,"1,000",True
0098.HK,0098,XINGFA ALUM,Main Board,-,"1,000",True
0099.HK,0099,WONG'S INT'L,Main Board,-,"1,000",True
0100.HK,0100,MINIMAX-W,Main Board,-,20,True
0101.HK,0101,HANG LUNG PPT,Main Board,-,"1,000",True
0103.HK,0103,SHOUGANG CENT,Main Board,-,"1,000",True
0104.HK,0104,ASIA COMM HOLD,Main Board,-,"5,000",True
0105.HK,0105,ASSO INT HOTELS,Main Board,-,"2,000",True
0106.HK,0106,LANDSEA MGMT,Main Board,-,"4,000",True
0107.HK,0107,SICHUAN EXPRESS,Main Board,-,"2,000",True
0108.HK,0108,SR MEDICAL,Main Board,-,"2,000",True
0110.HK,0110,CHINA FORTUNE,Main Board,-,"4,000",True
0111.HK,0111,CINDA INTL HLDG,Main Board,-,"2,000",True
0113.HK,0113,DICKSON CONCEPT,Main Board,-,500,True
0114.HK,0114,HERALD HOLD,Main Board,-,"5,000",True
0115.HK,0115,GRAND FIELD GP,Main Board,-,"2,000",True
0116.HK,0116,CHOW SANG SANG,Main Board,-,"1,000",True
0117.HK,0117,EYANG HOLDINGS,Main Board,-,"2,000",True
0118.HK,0118,COSMOS MACH,Main Board,-,"2,000",True
0119.HK,0119,POLY PROPERTY,Main Board,-,"1,000",True
0120.HK,0120,COSMOPOL INT'L,Main Board,-,600,True
0122.HK,0122,CROCODILE,Main Board,-,"2,000",True
0123.HK,0123,YUEXIU PROPERTY,Main Board,-,"1,000",True
0124.HK,0124,GD LAND,Main Board,-,"2,000",True
0125.HK,0125,SUN HING VISION,Main Board,-,"2,000",True
0126.HK,0126,CARRIANNA,Main Board,-,"2,000",True
0127.HK,0127,CHINESE EST H,Main Board,-,500,True
0128.HK,0128,ENM HOLDINGS,Main Board,-,"4,000",True
0129.HK,0129,ASIA STANDARD,Main Board,-,"2,000",True
0130.HK,0130,MOISELLE INT'L,Main Board,-,"2,000",True
0131.HK,0131,CHEUK NANG HOLD,Main Board,-,"1,000",True
0132.HK,0132,HING YIP HLDGS,Main Board,-,"1,000",True
0135.HK,0135,KUNLUN ENERGY,Main Board,-,"2,000",True
0136.HK,0136,CHINA RUYI,Main Board,-,"4,000",True
0137.HK,0137,JINHUI HOLDINGS,Main Board,-,"1,000",True
0138.HK,0138,CCT FORTIS,Main Board,-,"5,000",True
0139.HK,0139,SMART FISH,Main Board,-,"10,000",True
0142.HK,0142,FIRST PACIFIC,Main Board,-,"2,000",True
0144.HK,0144,CHINA MER PORT,Main Board,-,"2,000",True
0145.HK,0145,CCIAM FUTURE EN,Main Board,-,"8,000",True
0146.HK,0146,TAI PING CARPET,Main Board,-,"1,000",True
0147.HK,0147,IB SETTLEMENT,Main Board,-,"5,000",True
0148.HK,0148,KINGBOARD HLDG,Main Board,-,500,True
0149.HK,0149,CH AGRI-PROD EX,Main Board,-,"5,000",True
0150.HK,0150,HYPEBEAST,Main Board,-,"2,800",True
0151.HK,0151,WANT WANT CHINA,Main Board,-,"1,000",True
0152.HK,0152,SHENZHEN INT'L,Main Board,-,500,True
0154.HK,0154,BE ENVIRONMENT,Main Board,-,"1,000",True
0156.HK,0156,LIPPO CHINA RES,Main Board,-,"2,000",True
0157.HK,0157,NATURAL BEAUTY,Main Board,-,"10,000",True
0158.HK,0158,MELBOURNE ENT,Main Board,-,500,True
0159.HK,0159,BROCKMAN MINING,Main Board,-,"4,000",True
0160.HK,0160,HON KWOK LAND,Main Board,-,"2,000",True
0162.HK,0162,CENTURY GINWA,Main Board,-,"2,000",True
0163.HK,0163,EMPEROR INT'L,Main Board,-,"10,000",True
0164.HK,0164,CHINA BAOLI TEC,Main Board,-,"5,000",True
0165.HK,0165,CHINA EB LTD,Main Board,-,"2,000",True
0166.HK,0166,NEW TIMES CORP,Main Board,-,"2,000",True
0167.HK,0167,IDT INT'L,Main Board,-,"18,000",True
0168.HK,0168,TSINGTAO BR-500,Main Board,-,500,True
0169.HK,0169,WANDA HOTEL DEV,Main Board,-,"1,000",True
0171.HK,0171,SILVER GRANT,Main Board,-,"2,000",True
0173.HK,0173,K. WAH INT'L,Main Board,-,"1,000",True
0174.HK,0174,GEMINI INV,Main Board,-,"2,000",True
0175.HK,0175,GEELY AUTO,Main Board,-,"1,000",True
0176.HK,0176,SUPERACTIVE GP,Main Board,-,"2,000",True
0177.HK,0177,JIANGSU EXPRESS,Main Board,-,"2,000",True
0178.HK,0178,SA SA INT'L,Main Board,-,"2,000",True
0179.HK,0179,JOHNSON ELEC H,Main Board,-,500,True
0180.HK,0180,KADER HOLDINGS,Main Board,-,"2,000",True
0181.HK,0181,FUJIAN HOLDINGS,Main Board,-,"20,000",True
0182.HK,0182,CONCORD NE,Main Board,-,"10,000",True
0183.HK,0183,WINFULL GP,Main Board,-,"8,000",True
0184.HK,0184,KECK SENG INV,Main Board,-,"2,000",True
0185.HK,0185,ZENSUN ENT,Main Board,-,"1,000",True
0186.HK,0186,NIMBLE HOLDINGS,Main Board,-,"30,000",True
0187.HK,0187,JINGCHENG MAC,Main Board,-,"2,000",True
0188.HK,0188,SUNWAH KINGSWAY,Main Board,-,"5,000",True
0189.HK,0189,DONGYUE GROUP,Main Board,-,"1,000",True
0191.HK,0191,LAI SUN INT'L,Main Board,-,"1,000",True
0193.HK,0193,CAPITAL ESTATE,Main Board,-,"3,000",True
0194.HK,0194,LIU CHONG HING,Main Board,-,"2,000",True
0196.HK,0196,HONGHUA GROUP,Main Board,-,"1,000",True
0197.HK,0197,HENG TAI,Main Board,-,"5,000",True
0199.HK,0199,ITC NEOCLOUD,Main Board,-,"1,000",True
0200.HK,0200,MELCO INT'L DEV,Main Board,-,"1,000",True
0201.HK,0201,MAGNIFICENT,Main Board,-,"2,000",True
0202.HK,0202,EVERCHINA INT'L,Main Board,-,"5,000",True
0205.HK,0205,BFB HEALTH,Main Board,-,"10,000",True
0206.HK,0206,CM-ENERGY,Main Board,-,"1,000",True
0209.HK,0209,POLY XVERSE IT,Main Board,-,"1,000",True
0210.HK,0210,DAPHNE INT'L,Main Board,-,"2,000",True
0211.HK,0211,STYLAND HOLD,Main Board,-,"10,000",True
0212.HK,0212,NANYANG HOLD,Main Board,-,500,True
0213.HK,0213,NATIONAL ELEC H,Main Board,-,"2,000",True
0214.HK,0214,ASIA ORIENT,Main Board,-,"2,000",True
0215.HK,0215,HUTCHTEL HK,Main Board,-,"2,000",True
0216.HK,0216,CHINNEY INV,Main Board,-,"4,000",True
0217.HK,0217,CHINA CHENGTONG,Main Board,-,"2,000",True
0218.HK,0218,SWHYHK,Main Board,-,"5,000",True
0219.HK,0219,SHUNHO PROPERTY,Main Board,-,"2,000",True
0220.HK,0220,U-PRESID CHINA,Main Board,-,"1,000",True
0222.HK,0222,MIN XIN HOLD,Main Board,-,"2,000",True
0223.HK,0223,ELIFE HLDGS,Main Board,-,"20,000",True
0224.HK,0224,PIONEER GLOBAL,Main Board,-,"4,000",True
0225.HK,0225,POKFULAM,Main Board,-,"2,000",True
0227.HK,0227,FIRST SHANGHAI,Main Board,-,"8,000",True
0228.HK,0228,CHINA ENERGY,Main Board,-,"2,000",True
0229.HK,0229,RAYMOND IND,Main Board,-,"5,000",True
0232.HK,0232,CON AERO TECH,Main Board,-,"2,000",True
0234.HK,0234,NEW CENTURY GP,Main Board,-,"24,000",True
0235.HK,0235,CSC HOLDINGS,Main Board,-,"5,000",True
0236.HK,0236,SAN MIGUEL HK,Main Board,-,"2,000",True
0237.HK,0237,SAFETY GODOWN,Main Board,-,"2,000",True
0239.HK,0239,PAK FAH YEOW,Main Board,-,"2,500",True
0240.HK,0240,BUILD KING HOLD,Main Board,-,"10,000",True
0241.HK,0241,ALI HEALTH,Main Board,-,"2,000",True
0242.HK,0242,SHUN TAK HOLD,Main Board,-,"2,000",True
0243.HK,0243,QPL INT'L,Main Board,-,"9,000",True
0244.HK,0244,SINCERE,Main Board,-,"1,000",True
0245.HK,0245,CHINA VERED FIN,Main Board,-,"5,000",True
0247.HK,0247,TST PROPERTIES,Main Board,-,"2,000",True
0248.HK,0248,HKC INT'L HOLD,Main Board,-,"10,000",True
0251.HK,0251,SEA HOLDINGS,Main Board,-,"2,000",True
0252.HK,0252,SE ASIA PPT,Main Board,-,"2,000",True
0253.HK,0253,SHUNHO HOLDINGS,Main Board,-,"2,000",True
0254.HK,0254,NUR HOLDINGS,Main Board,-,"20,000",True
0255.HK,0255,LUNG KEE,Main Board,-,"2,000",True
0256.HK,0256,CITYCHAMP,Main Board,-,"2,000",True
0257.HK,0257,EB ENVIRONMENT,Main Board,-,"1,000",True
0258.HK,0258,TOMSON GROUP,Main Board,-,"2,000",True
0259.HK,0259,YEEBO (INT'L H),Main Board,-,"2,000",True
0261.HK,0261,GBA HOLDINGS,Main Board,-,"16,000",True
0262.HK,0262,DESON DEV INT'L,Main Board,-,"5,000",True
0264.HK,0264,CN INT DEV CORP,Main Board,-,"4,000",True
0265.HK,0265,GANGYU SERVICES,Main Board,-,"2,000",True
0266.HK,0266,TIAN TECK LAND,Main Board,-,"2,000",True
0267.HK,0267,CITIC,Main Board,-,"1,000",True
0268.HK,0268,KINGDEE INT'L,Main Board,-,"1,000",True
0269.HK,0269,CRTG,Main Board,-,"5,000",True
0270.HK,0270,GUANGDONG INV,Main Board,-,"2,000",True
0271.HK,0271,ASIASEC PPT,Main Board,-,"1,000",True
0272.HK,0272,SHUI ON LAND,Main Board,-,500,True
0274.HK,0274,RA SILK ROAD,Main Board,-,"10,000",True
0276.HK,0276,MONGOLIA ENERGY,Main Board,-,"6,000",True
0277.HK,0277,TERN PROPERTIES,Main Board,-,"2,000",True
0279.HK,0279,ARTA TECHFIN,Main Board,-,"6,000",True
0280.HK,0280,KING FOOK HOLD,Main Board,-,"2,000",True
0285.HK,0285,BYD ELECTRONIC,Main Board,-,500,True
0286.HK,0286,AIDIGONG,Main Board,-,"2,000",True
0287.HK,0287,WINFAIR INV,Main Board,-,"2,000",True
0288.HK,0288,WH GROUP,Main Board,-,500,True
0289.HK,0289,WING ON CO,Main Board,-,"1,000",True
0290.HK,0290,GOFINTECH QUANT,Main Board,-,500,True
0291.HK,0291,CHINA RES BEER,Main Board,-,500,True
0293.HK,0293,CATHAY PAC AIR,Main Board,-,"1,000",True
0294.HK,0294,YANGTZEKIANG,Main Board,-,"1,000",True
0295.HK,0295,KONG SUN HOLD,Main Board,-,"25,000",True
0296.HK,0296,EMPEROR E HOTEL,Main Board,-,"5,000",True
0297.HK,0297,SINOFERT,Main Board,-,"2,000",True
0298.HK,0298,CHUANG'S CHINA,Main Board,-,"10,000",True
0299.HK,0299,GLORY SUN LAND,Main Board,-,"5,000",True
0300.HK,0300,MIDEA GROUP,Main Board,-,100,True
0301.HK,0301,SANVO CHEMICALS,Main Board,-,"2,000",True
0302.HK,0302,CMGE,Main Board,-,"2,000",True
0303.HK,0303,VTECH HOLDINGS,Main Board,-,100,True
0305.HK,0305,WULING MOTORS,Main Board,-,"10,000",True
0306.HK,0306,KWOON CHUNG BUS,Main Board,-,"2,000",True
0308.HK,0308,CHINA TRAVEL HK,Main Board,-,"2,000",True
0309.HK,0309,XH NEWS MEDIA,Main Board,-,"2,000",True
0311.HK,0311,LUEN THAI,Main Board,-,"1,000",True
0312.HK,0312,SHIRBLE STORE,Main Board,-,"2,000",True
0313.HK,0313,RICHLY FIELD,Main Board,-,"25,000",True
0314.HK,0314,SIPAI HEALTH,Main Board,-,200,True
0315.HK,0315,SMARTONE TELE,Main Board,-,500,True
0316.HK,0316,OOIL,Main Board,-,500,True
0317.HK,0317,COMEC,Main Board,-,"2,000",True
0318.HK,0318,VONGROUP,Main Board,-,"5,000",True
0320.HK,0320,CTGL,Main Board,-,"2,000",True
0321.HK,0321,TEXWINCA HOLD,Main Board,-,"2,000",True
0322.HK,0322,TINGYI,Main Board,-,"2,000",True
0323.HK,0323,MAANSHAN IRON,Main Board,-,"2,000",True
0325.HK,0325,BLOKS,Main Board,-,300,True
0326.HK,0326,CHINA STAR ENT,Main Board,-,"2,000",True
0327.HK,0327,PAX GLOBAL,Main Board,-,"1,000",True
0328.HK,0328,ALCO HOLDINGS,Main Board,-,"2,000",True
0329.HK,0329,OCI INTL,Main Board,-,"4,000",True
0330.HK,0330,ESPRIT HOLDINGS,Main Board,-,"10,000",True
0331.HK,0331,FSE LIFESTYLE,Main Board,-,"1,000",True
0332.HK,0332,YUANHENG GAS,Main Board,-,"10,000",True
0333.HK,0333,TOP FORM INT'L,Main Board,-,"2,000",True
0334.HK,0334,CH DISPLAY OPT,Main Board,-,"8,000",True
0335.HK,0335,UPBEST GROUP,Main Board,-,"2,000",True
0336.HK,0336,HUABAO INTL,Main Board,-,"1,000",True
0337.HK,0337,GREENLAND HK,Main Board,-,"1,000",True
0338.HK,0338,SHANGHAI PECHEM,Main Board,-,"2,000",True
0340.HK,0340,TONGGUAN GOLD,Main Board,-,"2,000",True
0341.HK,0341,CAFE DE CORAL H,Main Board,-,"2,000",True
0343.HK,0343,CULTURECOM HOLD,Main Board,-,"5,000",True
0345.HK,0345,VITASOY INT'L,Main Board,-,"2,000",True
0346.HK,0346,YANCHANG PETRO,Main Board,-,"5,000",True
0347.HK,0347,ANGANG STEEL,Main Board,-,"2,000",True
0348.HK,0348,CHINAHEALTHWISE,Main Board,-,"10,000",True
0351.HK,0351,ASIA ENERGY LOG,Main Board,-,"10,000",True
0352.HK,0352,FORTUNE SUN,Main Board,-,"2,000",True
0353.HK,0353,ENERGY INTINV,Main Board,-,"4,000",True
0354.HK,0354,CHINASOFT INT'L,Main Board,-,"2,000",True
0355.HK,0355,CENTURY C INT'L,Main Board,-,"4,000",True
0357.HK,0357,MEILAN AIRPORT,Main Board,-,"1,000",True
0358.HK,0358,JIANGXI COPPER,Main Board,-,"1,000",True
0360.HK,0360,NEW FOCUS AUTO,Main Board,-,"4,000",True
0361.HK,0361,HANFORT DEV H,Main Board,-,"20,000",True
0362.HK,0362,C ZENITH CHEM,Main Board,-,"10,000",True
0363.HK,0363,SHANGHAI IND H,Main Board,-,"1,000",True
0365.HK,0365,SINO ICT,Main Board,-,"2,000",True
0366.HK,0366,LUKS GROUP (VN),Main Board,-,"2,000",True
0367.HK,0367,CHUANG'S INT'L,Main Board,-,"4,000",True
0368.HK,0368,SUPERLAND GROUP,Main Board,-,"4,000",True
0369.HK,0369,WING TAI PPT,Main Board,-,"2,000",True
0370.HK,0370,HK ROBOTICS,Main Board,-,"6,000",True
0371.HK,0371,BJ ENT WATER,Main Board,-,"2,000",True
0372.HK,0372,PT INTL DEV,Main Board,-,"30,000",True
0373.HK,0373,ALLIED GROUP,Main Board,-,"2,000",True
0374.HK,0374,FOUR SEAS MER,Main Board,-,"2,000",True
0375.HK,0375,YGM TRADING,Main Board,-,"1,000",True
0376.HK,0376,YUNFENG FIN,Main Board,-,"2,000",True
0377.HK,0377,CHINA HUAJUN GP,Main Board,-,80,True
0379.HK,0379,EG LEASING,Main Board,-,"10,000",True
0380.HK,0380,CHINA PIPE,Main Board,-,"4,000",True
0381.HK,0381,AOM INT'L,Main Board,-,"20,000",True
0382.HK,0382,EDVANTAGE GROUP,Main Board,-,"2,000",True
0383.HK,0383,TIANAN MEDICARE,Main Board,-,"5,000",True
0384.HK,0384,CHINA GAS HOLD,Main Board,-,200,True
0385.HK,0385,CHINNEY ALLI,Main Board,-,"2,000",True
0386.HK,0386,SINOPEC CORP,Main Board,-,"2,000",True
0387.HK,0387,LEEPORT(HOLD),Main Board,-,"4,000",True
0388.HK,0388,HKEX,Main Board,-,100,True
0389.HK,0389,TONTINE WINES,Main Board,-,"2,000",True
0390.HK,0390,CHINA RAILWAY,Main Board,-,"1,000",True
0391.HK,0391,MEI AH ENTER,Main Board,-,"20,000",True
0392.HK,0392,BEIJING ENT,Main Board,-,500,True
0393.HK,0393,GLORIOUS SUN,Main Board,-,"4,000",True
0396.HK,0396,HING LEE (HK),Main Board,-,"2,000",True
0397.HK,0397,MINERVA GROUP,Main Board,-,"10,000",True
0398.HK,0398,ORIENTAL WATCH,Main Board,-,"2,000",True
0399.HK,0399,STARCOIN GROUP,Main Board,-,"5,000",True
0400.HK,0400,INGDAN,Main Board,-,"1,000",True
0401.HK,0401,WANJIA GROUP,Main Board,-,"20,000",True
0403.HK,0403,STARLITE HOLD,Main Board,-,"2,000",True
0406.HK,0406,YAU LEE HOLD,Main Board,-,"2,000",True
0408.HK,0408,YIP'S CHEMICAL,Main Board,-,"2,000",True
0410.HK,0410,SOHO CHINA,Main Board,-,500,True
0411.HK,0411,LAM SOON (HK),Main Board,-,"1,000",True
0412.HK,0412,SDHG,Main Board,-,"1,000",True
0413.HK,0413,SC HOLDINGS,Main Board,-,"8,000",True
0417.HK,0417,TSE SUI LUEN,Main Board,-,"2,000",True
0418.HK,0418,FOUNDER HOLD,Main Board,-,"2,000",True
0419.HK,0419,HONY MEDIA,Main Board,-,"10,000",True
0420.HK,0420,FOUNTAIN SET,Main Board,-,"2,000",True
0422.HK,0422,VMEP HOLDINGS,Main Board,-,"1,000",True
0423.HK,0423,HKET HOLDINGS,Main Board,-,"2,000",True
0425.HK,0425,MINTH GROUP,Main Board,-,100,True
0426.HK,0426,ONE MEDIA GROUP,Main Board,-,"2,000",True
0430.HK,0430,ORIENTAL EXPL,Main Board,-,"4,000",True
0432.HK,0432,PCPD,Main Board,-,"1,000",True
0433.HK,0433,NORTH MINING,Main Board,-,"10,000",True
0434.HK,0434,BOYAA,Main Board,-,"1,000",True
0436.HK,0436,NU ENVIRO,Main Board,-,"20,000",True
0438.HK,0438,IRICO NEWENERGY,Main Board,-,200,True
0439.HK,0439,GENESIS SCALE,Main Board,-,"2,000",True
0440.HK,0440,DAH SING,Main Board,-,400,True
0442.HK,0442,DOMAINE POWER,Main Board,-,"1,000",True
0444.HK,0444,SINCEREWATCH HK,Main Board,-,"10,000",True
0450.HK,0450,HUNG HING PRINT,Main Board,-,"2,000",True
0451.HK,0451,DYNASTY DIGITAL,Main Board,-,"2,000",True
0455.HK,0455,TIANDA PHARMA,Main Board,-,"2,000",True
0456.HK,0456,NEW CITY DEV,Main Board,-,"2,000",True
0458.HK,0458,TRISTATE HOLD,Main Board,-,"1,000",True
0460.HK,0460,SIHUAN PHARM,Main Board,-,"1,000",True
0464.HK,0464,CHINA IN-TECH,Main Board,-,"4,000",True
0465.HK,0465,FUTONG TECH,Main Board,-,"2,000",True
0467.HK,0467,UNITEDENERGY GP,Main Board,-,"2,000",True
0468.HK,0468,GAPACK,Main Board,-,"1,000",True
0470.HK,0470,WUXI LEAD,Main Board,-,100,True
0471.HK,0471,SILKWAVE INC,Main Board,-,"4,000",True
0472.HK,0472,NEW SILKROAD,Main Board,-,"10,000",True
0474.HK,0474,ACESO LIFE SCI,Main Board,-,"6,000",True
0475.HK,0475,CENTRAL DEV H,Main Board,-,"2,000",True
0476.HK,0476,EV DYNAMICS,Main Board,-,"10,000",True
0480.HK,0480,HKR INT'L,Main Board,-,800,True
0482.HK,0482,SANDMARTIN INTL,Main Board,-,"10,000",True
0483.HK,0483,BAUHAUS INT'L,Main Board,-,"2,000",True
0484.HK,0484,FORGAME,Main Board,-,"3,000",True
0485.HK,0485,CHINASINOSTAR,Main Board,-,"20,000",True
0486.HK,0486,RUSAL,Main Board,-,"1,000",True
0487.HK,0487,SUCCESSUNIVERSE,Main Board,-,"4,000",True
0488.HK,0488,LAI SUN DEV,Main Board,-,300,True
0491.HK,0491,EMPEROR CULTURE,Main Board,-,"20,000",True
0493.HK,0493,GOME RETAIL,Main Board,-,"1,000",True
0496.HK,0496,KASEN,Main Board,-,"1,000",True
0497.HK,0497,CSI PROPERTIES,Main Board,-,"20,000",True
0498.HK,0498,BLUE RIVER HLDG,Main Board,-,"10,000",True
0499.HK,0499,QINGDAO HLDGS,Main Board,-,"2,000",True
0500.HK,0500,FRONTIER SER,Main Board,-,"1,000",True
0501.HK,0501,OMNIVISION,Main Board,-,100,True
0505.HK,0505,XINGYE ALLOY,Main Board,-,"1,000",True
0506.HK,0506,CHINA FOODS,Main Board,-,"2,000",True
0508.HK,0508,DINGYI GP INV,Main Board,-,"5,000",True
0509.HK,0509,SUNSHINE,Main Board,-,"10,000",True
0510.HK,0510,CASH FIN SER GP,Main Board,-,"6,000",True
0511.HK,0511,TVB,Main Board,-,100,True
0512.HK,0512,GRAND PHARMA,Main Board,-,500,True
0513.HK,0513,CONTINENTAL H,Main Board,-,"10,000",True
0515.HK,0515,CHINASILVER TEC,Main Board,-,"10,000",True
0517.HK,0517,COSCO SHIP INTL,Main Board,-,"2,000",True
0518.HK,0518,TUNGTEX (HOLD),Main Board,-,"2,000",True
0519.HK,0519,NOVAUTEK,Main Board,-,"5,000",True
0520.HK,0520,XIABUXIABU,Main Board,-,500,True
0521.HK,0521,CWT INT'L,Main Board,-,"10,000",True
0522.HK,0522,ASMPT,Main Board,-,100,True
0524.HK,0524,GW TERROIR,Main Board,-,"10,000",True
0525.HK,0525,GUANGSHEN RAIL,Main Board,-,"2,000",True
0526.HK,0526,LISI GP HOLD,Main Board,-,"2,000",True
0527.HK,0527,RF GREEN EN AI,Main Board,-,"12,000",True
0528.HK,0528,KINGDOM HOLDING,Main Board,-,"2,000",True
0529.HK,0529,SIS INT'L,Main Board,-,"2,000",True
0532.HK,0532,WKK INTL (HOLD),Main Board,-,"2,000",True
0533.HK,0533,GOLDLION HOLD,Main Board,-,"1,000",True
0535.HK,0535,GEMDALE PPT,Main Board,-,"2,000",True
0536.HK,0536,TRADELINK,Main Board,-,"2,000",True
0537.HK,0537,RIGOL,Main Board,-,100,True
0538.HK,0538,AJISEN (CHINA),Main Board,-,"1,000",True
0540.HK,0540,SPEEDY GLOBAL,Main Board,-,"4,000",True
0542.HK,0542,CN CULTURAL T&A,Main Board,-,"4,000",True
0543.HK,0543,PACIFIC ONLINE,Main Board,-,"1,000",True
0544.HK,0544,DAIDO GROUP,Main Board,-,"5,000",True
0546.HK,0546,FUFENG GROUP,Main Board,-,"1,000",True
0547.HK,0547,DIGITAL DOMAIN,Main Board,-,"5,000",True
0548.HK,0548,SHENZHENEXPRESS,Main Board,-,"2,000",True
0550.HK,0550,ALLEGRO CULTURE,Main Board,-,"2,000",True
0551.HK,0551,YUE YUEN IND,Main Board,-,500,True
0552.HK,0552,CHINACOMSERVICE,Main Board,-,"2,000",True
0553.HK,0553,NANJING PANDA,Main Board,-,"2,000",True
0554.HK,0554,HANS GP HLDGS,Main Board,-,"2,000",True
0556.HK,0556,PAN ASIA ENVIRO,Main Board,-,"2,000",True
0557.HK,0557,TIANYUAN HEALTH,Main Board,-,"2,000",True
0558.HK,0558,LK TECH,Main Board,-,"2,500",True
0559.HK,0559,DETAI NEWENERGY,Main Board,-,"10,000",True
0560.HK,0560,CHU KONG SHIP,Main Board,-,"2,000",True
0563.HK,0563,SH IND URBAN,Main Board,-,"2,000",True
0564.HK,0564,ZCZL,Main Board,-,200,True
0565.HK,0565,ART GROUP HOLD,Main Board,-,"5,000",True
0567.HK,0567,JSMART TECH,Main Board,-,"20,000",True
0568.HK,0568,SHANDONG MOLONG,Main Board,-,400,True
0570.HK,0570,TRAD CHI MED,Main Board,-,"2,000",True
0571.HK,0571,ESUN HOLDINGS,Main Board,-,"2,000",True
0572.HK,0572,FW HOLDINGS,Main Board,-,"4,000",True
0573.HK,0573,TAO HEUNG HLDGS,Main Board,-,"1,000",True
0574.HK,0574,PASHUN INT'L,Main Board,-,"2,000",True
0575.HK,0575,REGENT PACIFIC,Main Board,-,"10,000",True
0576.HK,0576,ZHEJIANGEXPRESS,Main Board,-,"2,000",True
0579.HK,0579,JNCEC,Main Board,-,"2,000",True
0580.HK,0580,SUN.KING TECH,Main Board,-,"2,000",True
0581.HK,0581,CHINA ORIENTAL,Main Board,-,"2,000",True
0582.HK,0582,SHIN HWA WORLD,Main Board,-,"6,000",True
0583.HK,0583,GWPA HOLDINGS,Main Board,-,"2,000",True
0585.HK,0585,IMAGI INT'L,Main Board,-,500,True
0586.HK,0586,CONCH VENTURE,Main Board,-,500,True
0587.HK,0587,CONCH ENVIRO,Main Board,-,500,True
0588.HK,0588,BEIJING N STAR,Main Board,-,"2,000",True
0590.HK,0590,LUK FOOK HOLD,Main Board,-,"1,000",True
0591.HK,0591,C HIGHPRECISION,Main Board,-,"1,000",True
0595.HK,0595,AV CONCEPT HOLD,Main Board,-,"2,000",True
0596.HK,0596,INSPUR DIGI ENT,Main Board,-,"2,000",True
0598.HK,0598,SINOTRANS,Main Board,-,"1,000",True
0599.HK,0599,E. BON HOLDINGS,Main Board,-,"16,000",True
0600.HK,0600,AXERA,Main Board,-,100,True
0601.HK,0601,REMT,Main Board,-,"10,000",True
0602.HK,0602,JIAHUA STORES H,Main Board,-,"2,500",True
0603.HK,0603,CHINA OIL & GAS,Main Board,-,"20,000",True
0604.HK,0604,SHENZHEN INVEST,Main Board,-,"2,000",True
0605.HK,0605,C FIN SERVICES,Main Board,-,"2,000",True
0606.HK,0606,SCE CM,Main Board,-,"1,000",True
0607.HK,0607,FULLSHARE,Main Board,-,"4,000",True
0608.HK,0608,HIGH FASHION,Main Board,-,"2,000",True
0609.HK,0609,TIANDE CHEMICAL,Main Board,-,"4,000",True
0610.HK,0610,WAI KEE HOLD,Main Board,-,"2,000",True
0611.HK,0611,CNE TECH CORP,Main Board,-,"2,000",True
0613.HK,0613,PLANETREE INT'L,Main Board,-,"2,000",True
0616.HK,0616,ASSET CHAIN,Main Board,-,"5,000",True
0617.HK,0617,PALIBURG HOLD,Main Board,-,"2,000",True
0618.HK,0618,PKU RESOURCES,Main Board,-,"8,000",True
0619.HK,0619,SOUTH CHINA FIN,Main Board,-,"2,000",True
0620.HK,0620,DTXS SILK ROAD,Main Board,-,"2,000",True
0621.HK,0621,TAUNG GOLD,Main Board,-,"5,000",True
0622.HK,0622,OSHIDORI,Main Board,-,"3,000",True
0623.HK,0623,GOLDENBRIDGE GP,Main Board,-,"1,000",True
0625.HK,0625,SHEIN-W,Main Board,-,100,True
0626.HK,0626,PUBLIC FIN HOLD,Main Board,-,"2,000",True
0627.HK,0627,VISION SYNERGY,Main Board,-,"20,000",True
0628.HK,0628,TONGTONG AI SOC,Main Board,-,"2,000",True
0629.HK,0629,YUE DA INTL,Main Board,-,"1,000",True
0630.HK,0630,AMCO UNITED,Main Board,-,"10,000",True
0631.HK,0631,SANY INT'L,Main Board,-,"1,000",True
0632.HK,0632,CHK OIL,Main Board,-,"2,000",True
0635.HK,0635,PLAYMATES,Main Board,-,"2,000",True
0636.HK,0636,KLN,Main Board,-,500,True
0637.HK,0637,LEE KEE,Main Board,-,"2,000",True
0638.HK,0638,FIBOCOM,Main Board,-,200,True
0639.HK,0639,SHOUGANG RES,Main Board,-,"2,000",True
0640.HK,0640,INFINITY DEV,Main Board,-,"2,000",True
0641.HK,0641,CHTC FONG'S INT,Main Board,-,"2,000",True
0643.HK,0643,CARRY WEALTH,Main Board,-,"10,000",True
0645.HK,0645,ARES ASIA,Main Board,-,"2,000",True
0646.HK,0646,CHINA ENV TEC,Main Board,-,"8,000",True
0648.HK,0648,SOFTMEDX,Main Board,-,"1,000",True
0650.HK,0650,PRODUCTIVE TECH,Main Board,-,"2,000",True
0653.HK,0653,BONJOUR H-NEW,Main Board,-,"5,000",True
0655.HK,0655,HK CHINESE LTD,Main Board,-,"2,000",True
0656.HK,0656,FOSUN INTL,Main Board,-,500,True
0657.HK,0657,G-VISION INT'L,Main Board,-,"2,000",True
0658.HK,0658,C TRANSMISSION,Main Board,-,"1,000",True
0659.HK,0659,CTF SERVICES,Main Board,-,"1,000",True
0660.HK,0660,WAI CHUN BIOTEC,Main Board,-,"20,000",True
0661.HK,0661,CDAYENONFER,Main Board,-,"2,000",True
0662.HK,0662,ASIA FINANCIAL,Main Board,-,"2,000",True
0664.HK,0664,TONGSHIFU,Main Board,-,100,True
0666.HK,0666,REPT BATTERO,Main Board,-,200,True
0667.HK,0667,CHINA EAST EDU,Main Board,-,500,True
0668.HK,0668,ANKER,Main Board,-,100,True
0669.HK,0669,TECHTRONIC-100,Main Board,-,100,True
0670.HK,0670,CHINA EAST AIR,Main Board,-,"2,000",True
0672.HK,0672,ZHONGAN GROUP,Main Board,-,"1,000",True
0673.HK,0673,CHINA HEALTH,Main Board,-,"6,000",True
0674.HK,0674,CHINA TANGSHANG,Main Board,-,"4,000",True
0675.HK,0675,K & P INT'L,Main Board,-,"2,000",True
0676.HK,0676,PEGASUS INT'L,Main Board,-,"2,000",True
0677.HK,0677,GOLDEN RES DEV,Main Board,-,"2,000",True
0679.HK,0679,ASIA TELE-NET,Main Board,-,"5,000",True
0681.HK,0681,CHI PEOPLE HOLD,Main Board,-,"2,000",True
0682.HK,0682,CHAODA MODERN,Main Board,-,"10,000",True
0683.HK,0683,KERRY PPT,Main Board,-,500,True
0684.HK,0684,ALLAN INT'L,Main Board,-,"2,000",True
0685.HK,0685,MEDIA CHINESE,Main Board,-,"1,000",True
0686.HK,0686,BJ ENERGY INTL,Main Board,-,"2,000",True
0687.HK,0687,TYSAN HOLDINGS,Main Board,-,"2,000",True
0688.HK,0688,CHINA OVERSEAS,Main Board,-,500,True
0689.HK,0689,EPI (HOLDINGS),Main Board,-,"15,000",True
0690.HK,0690,UNI-BIO GROUP,Main Board,-,"20,000",True
0691.HK,0691,SHANSHUI CEMENT,Main Board,-,"1,000",True
0693.HK,0693,TAN CHONG INT'L,Main Board,-,"3,000",True
0694.HK,0694,BEIJING AIRPORT,Main Board,-,"2,000",True
0695.HK,0695,DONGWU CEMENT,Main Board,-,"2,000",True
0696.HK,0696,TRAVELSKY TECH,Main Board,-,"1,000",True
0697.HK,0697,SHOUCHENG,Main Board,-,"2,000",True
0698.HK,0698,TONGDA GROUP,Main Board,-,"1,000",True
0699.HK,0699,JOYSON ELEC,Main Board,-,500,True
0700.HK,0700,TENCENT,Main Board,-,100,True
0701.HK,0701,CNT GROUP,Main Board,-,"2,000",True
0702.HK,0702,SINO OIL & GAS,Main Board,-,"10,000",True
0703.HK,0703,FUTURE BRIGHT,Main Board,-,"6,000",True
0704.HK,0704,HUSCOKE HLDGS,Main Board,-,"5,000",True
0707.HK,0707,ATV HOLDINGS,Main Board,-,"8,000",True
0708.HK,0708,EVERG VEHICLE,Main Board,-,500,True
0709.HK,0709,GIORDANO INT'L,Main Board,-,"2,000",True
0710.HK,0710,BOE VARITRONIX,Main Board,-,"1,000",True
0711.HK,0711,ASIA ALLIED INF,Main Board,-,"2,000",True
0712.HK,0712,COMTEC SOLAR,Main Board,-,"10,000",True
0713.HK,0713,WORLD HOUSEWARE,Main Board,-,"2,000",True
0716.HK,0716,SINGAMAS CONT,Main Board,-,"2,000",True
0717.HK,0717,EMPEROR CAPITAL,Main Board,-,"6,000",True
0718.HK,0718,TAI UNITED HOLD,Main Board,-,"5,000",True
0719.HK,0719,SHANDONG XINHUA,Main Board,-,"2,000",True
0720.HK,0720,AUTO ITALIA,Main Board,-,"25,000",True
0722.HK,0722,UMP,Main Board,-,"2,000",True
0723.HK,0723,RELIANCE GLO HL,Main Board,-,"30,000",True
0725.HK,0725,PERENNIAL INT'L,Main Board,-,"2,000",True
0726.HK,0726,DIT GROUP,Main Board,-,"5,000",True
0727.HK,0727,SINOPROS CORP,Main Board,-,"10,000",True
0728.HK,0728,CHINA TELECOM,Main Board,-,"2,000",True
0730.HK,0730,CAPITAL IND-NEW,Main Board,-,"1,000",True
0731.HK,0731,C&D NEWIN,Main Board,-,"20,000",True
0732.HK,0732,TRULY INT'L,Main Board,-,"2,000",True
0733.HK,0733,HOPEFLUENT,Main Board,-,"2,000",True
0736.HK,0736,CHINA PPT INV,Main Board,-,"3,000",True
0737.HK,0737,BAY AREA DEV,Main Board,-,500,True
0738.HK,0738,LE SAUNDA,Main Board,-,"2,000",True
0743.HK,0743,ASIA CEMENT CH,Main Board,-,500,True
0745.HK,0745,CN CULTURE GP,Main Board,-,"2,000",True
0746.HK,0746,L & M CHEMICAL,Main Board,-,"2,000",True
0747.HK,0747,SHENYANG PUBLIC,Main Board,-,"2,000",True
0750.HK,0750,SFSY ENERGY,Main Board,-,"1,000",True
0751.HK,0751,SKYWORTH GROUP,Main Board,-,"2,000",True
0752.HK,0752,PICO FAR EAST,Main Board,-,"2,000",True
0753.HK,0753,AIR CHINA,Main Board,-,"2,000",True
0754.HK,0754,HOPSON DEV HOLD,Main Board,-,100,True
0755.HK,0755,DEVGREAT,Main Board,-,"5,000",True
0756.HK,0756,SUMMI,Main Board,-,"8,000",True
0757.HK,0757,SOLARGIGA,Main Board,-,"1,000",True
0759.HK,0759,CEC INT'L HOLD,Main Board,-,"2,000",True
0760.HK,0760,TALENT PPT GP,Main Board,-,"30,000",True
0762.HK,0762,CHINA UNICOM,Main Board,-,"2,000",True
0763.HK,0763,ZTE,Main Board,-,200,True
0764.HK,0764,ETERNITY INV,Main Board,-,"10,000",True
0765.HK,0765,PERFECTECH INTL,Main Board,-,"2,000",True
0767.HK,0767,ZHONG JI LS,Main Board,-,"10,000",True
0769.HK,0769,CHINA RAREEARTH,Main Board,-,"2,000",True
0771.HK,0771,AUTOMATED SYS,Main Board,-,"2,000",True
0772.HK,0772,CHINA LIT,Main Board,-,200,True
0775.HK,0775,CKLIFE SCIENCES,Main Board,-,"2,000",True
0776.HK,0776,IMPERIUM TEC GP,Main Board,-,"5,000",True
0777.HK,0777,NETDRAGON,Main Board,-,500,True
0780.HK,0780,TONGCHENGTRAVEL,Main Board,-,400,True
0784.HK,0784,AILIFE INTL,Main Board,-,"10,000",True
0788.HK,0788,CHINA TOWER,Main Board,-,500,True
0789.HK,0789,ARTINI HLDG,Main Board,-,"5,000",True
0794.HK,0794,COME SURE GROUP,Main Board,-,"2,000",True
0797.HK,0797,7ROAD,Main Board,-,"2,000",True
0798.HK,0798,CEOVU,Main Board,-,"4,000",True
0799.HK,0799,IGG,Main Board,-,"1,000",True
0800.HK,0800,WERIDE-W,Main Board,-,100,True
0804.HK,0804,PINESTONE,Main Board,-,"5,000",True
0805.HK,0805,NEW GONOW RV,Main Board,-,"2,000",True
0806.HK,0806,VALUE PARTNERS,Main Board,-,"1,000",True
0807.HK,0807,SIICENVIRONMENT,Main Board,-,"1,000",True
0809.HK,0809,GLOBAL BIO-CHEM,Main Board,-,"10,000",True
0811.HK,0811,XINHUA WINSHARE,Main Board,-,"1,000",True
0813.HK,0813,SHIMAO GROUP,Main Board,-,500,True
0814.HK,0814,JINGKELONG,Main Board,-,"1,000",True
0815.HK,0815,CHI SILVER GP,Main Board,-,"2,000",True
0816.HK,0816,JINMAO SERVICES,Main Board,-,500,True
0817.HK,0817,CHINA JINMAO,Main Board,-,"2,000",True
0818.HK,0818,HI SUN TECH,Main Board,-,"3,000",True
0819.HK,0819,TIANNENG POWER,Main Board,-,"2,000",True
0821.HK,0821,VC HOLDINGS,Main Board,-,"8,000",True
0822.HK,0822,KA SHUI INT'L,Main Board,-,"2,000",True
0825.HK,0825,NWDS CHINA,Main Board,-,"1,000",True
0826.HK,0826,TIANGONG INT'L,Main Board,-,"2,000",True
0827.HK,0827,KO YO GROUP,Main Board,-,"4,000",True
0828.HK,0828,DYNASTY WINES,Main Board,-,"2,000",True
0829.HK,0829,SHENGUAN HLDGS,Main Board,-,"2,000",True
0830.HK,0830,CSC DEVELOPMENT,Main Board,-,"2,000",True
0831.HK,0831,CR ASIA,Main Board,-,"2,000",True
0832.HK,0832,CENTRAL CHINA,Main Board,-,"1,000",True
0833.HK,0833,ALLTRONICS,Main Board,-,"4,000",True
0834.HK,0834,SHENGRONG HLDG,Main Board,-,"4,000",True
0836.HK,0836,CHINA RES POWER,Main Board,-,"2,000",True
0837.HK,0837,CARPENTER TAN,Main Board,-,500,True
0838.HK,0838,EVA HOLDINGS,Main Board,-,"2,000",True
0839.HK,0839,CHINA EDU GROUP,Main Board,-,"1,000",True
0840.HK,0840,TIANYE WATER,Main Board,-,"2,000",True
0841.HK,0841,CASSAVA RES,Main Board,-,"2,000",True
0842.HK,0842,LEOCH INT'L,Main Board,-,"1,000",True
0844.HK,0844,GREATIME INTL,Main Board,-,"4,000",True
0845.HK,0845,GLORIOUS PPT H,Main Board,-,"1,000",True
0846.HK,0846,MINGFA GROUP,Main Board,-,"1,000",True
0848.HK,0848,MAOYE INT'L,Main Board,-,"1,000",True
0851.HK,0851,SHENG YUAN HLDG,Main Board,-,"10,000",True
0852.HK,0852,STRONG PETRO,Main Board,-,"2,000",True
0853.HK,0853,MICROPORT,Main Board,-,100,True
0854.HK,0854,WILLAS-ARRAY,Main Board,-,"1,000",True
0855.HK,0855,CHINA WATER,Main Board,-,"2,000",True
0856.HK,0856,VSTECS,Main Board,-,"2,000",True
0857.HK,0857,PETROCHINA,Main Board,-,"2,000",True
0858.HK,0858,EXTRAWELL PHAR,Main Board,-,"10,000",True
0859.HK,0859,ZHONGCHANG INTL,Main Board,-,"2,000",True
0860.HK,0860,APOLLO FMG,Main Board,-,"4,000",True
0861.HK,0861,DC HOLDINGS,Main Board,-,"1,000",True
0862.HK,0862,VISION VALUES,Main Board,-,"10,000",True
0863.HK,0863,OSL GROUP,Main Board,-,500,True
0864.HK,0864,WING LEE PPT,Main Board,-,"4,000",True
0865.HK,0865,JIANDE INT'L,Main Board,-,"4,000",True
0866.HK,0866,CHINA QINFA,Main Board,-,"2,000",True
0867.HK,0867,CMS,Main Board,-,"1,000",True
0868.HK,0868,XINYI GLASS,Main Board,-,"1,000",True
0869.HK,0869,PLAYMATES TOYS,Main Board,-,"4,000",True
0871.HK,0871,CH DREDG ENV,Main Board,-,"20,000",True
0873.HK,0873,SHIMAO SERVICES,Main Board,-,"1,000",True
0874.HK,0874,BAIYUNSHAN PH,Main Board,-,"2,000",True
0875.HK,0875,CONGYU INTE AGR,Main Board,-,"2,000",True
0876.HK,0876,QH BIO PHARMA,Main Board,-,"2,000",True
0878.HK,0878,SOUNDWILL HOLD,Main Board,-,500,True
0880.HK,0880,SJM HOLDINGS,Main Board,-,"1,000",True
0881.HK,0881,ZHONGSHENG HLDG,Main Board,-,500,True
0882.HK,0882,TIANJIN DEV,Main Board,-,"2,000",True
0883.HK,0883,CNOOC,Main Board,-,"1,000",True
0884.HK,0884,CIFI HOLD GP,Main Board,-,"2,000",True
0887.HK,0887,EMPEROR WATCH&J,Main Board,-,"10,000",True
0888.HK,0888,BLOCKFIN HLDG,Main Board,-,"2,000",True
0889.HK,0889,DATRONIX HOLD,Main Board,-,"2,000",True
0893.HK,0893,CHINAVTM MINING,Main Board,-,"1,000",True
0894.HK,0894,MAN YUE TECH,Main Board,-,"2,000",True
0895.HK,0895,DONGJIANG ENV,Main Board,-,200,True
0896.HK,0896,HANISON,Main Board,-,"2,000",True
0897.HK,0897,WAI YUEN TONG,Main Board,-,"5,000",True
0898.HK,0898,MULTIFIELD INTL,Main Board,-,"2,000",True
0899.HK,0899,ZHONG JIA GX,Main Board,-,"10,000",True
0900.HK,0900,AEON CREDIT,Main Board,-,"2,000",True
0901.HK,0901,SDMC,Main Board,-,100,True
0902.HK,0902,HUANENG POWER,Main Board,-,"2,000",True
0907.HK,0907,ELEGANCEOPTICAL,Main Board,-,"20,000",True
0909.HK,0909,MING YUAN CLOUD,Main Board,-,"1,000",True
0910.HK,0910,CHINA SANDI,Main Board,-,"6,000",True
0911.HK,0911,QIANHAI HEALTH,Main Board,-,"10,000",True
0912.HK,0912,SUGA INT'L,Main Board,-,"2,000",True
0914.HK,0914,CONCH CEMENT,Main Board,-,500,True
0915.HK,0915,DAOHE GLOBAL,Main Board,-,"1,000",True
0916.HK,0916,CHINA LONGYUAN,Main Board,-,"1,000",True
0917.HK,0917,QUNABOX GROUP,Main Board,-,100,True
0918.HK,0918,MAJESTIC DRAGON,Main Board,-,"6,000",True
0919.HK,0919,MODERNHEALTHTEC,Main Board,-,"4,000",True
0921.HK,0921,HISENSE HA,Main Board,-,"1,000",True
0922.HK,0922,ANXIANYUAN CH,Main Board,-,"10,000",True
0923.HK,0923,IWS,Main Board,-,"2,000",True
0924.HK,0924,KHOON GROUP,Main Board,-,"8,000",True
0926.HK,0926,BESUNYEN,Main Board,-,"1,000",True
0927.HK,0927,FUJIKON IND,Main Board,-,"2,000",True
0928.HK,0928,KING INTL INV,Main Board,-,"5,000",True
0929.HK,0929,IPE GROUP,Main Board,-,"5,000",True
0931.HK,0931,CHINA HK POWER,Main Board,-,"2,000",True
0932.HK,0932,SHUNTEN INTL,Main Board,-,"4,000",True
0933.HK,0933,VIVA GOODS,Main Board,-,"8,000",True
0934.HK,0934,SINOPEC KANTONS,Main Board,-,"2,000",True
0936.HK,0936,KAISA CAPITAL,Main Board,-,"10,000",True
0938.HK,0938,MAN SANG INT'L,Main Board,-,"2,000",True
0939.HK,0939,CCB,Main Board,-,"1,000",True
0941.HK,0941,CHINA MOBILE,Main Board,-,500,True
0943.HK,0943,ZHONGZHENG INTL,Main Board,-,"16,000",True
0945.HK,0945,MANULIFE-S,Main Board,-,100,True
0947.HK,0947,MOBI DEV,Main Board,-,"1,000",True
0948.HK,0948,ALPHA PRO HLDGS,Main Board,-,"10,000",True
0950.HK,0950,LEE'S PHARM,Main Board,-,500,True
0951.HK,0951,CHAOWEI POWER,Main Board,-,"1,000",True
0952.HK,0952,QUAM PLUS FIN,Main Board,-,"10,000",True
0953.HK,0953,SHAW BROTHERS,Main Board,-,"2,000",True
0954.HK,0954,CHANGMAO BIO,Main Board,-,"4,000",True
0956.HK,0956,CHINA SUNTIEN,Main Board,-,"1,000",True
0959.HK,0959,CENTURY ENT INT,Main Board,-,"10,000",True
0960.HK,0960,LONGFOR GROUP,Main Board,-,500,True
0966.HK,0966,CHINA TAIPING,Main Board,-,200,True
0968.HK,0968,XINYI SOLAR,Main Board,-,"2,000",True
0969.HK,0969,HUA LIEN INT'L,Main Board,-,"2,000",True
0970.HK,0970,NEW SPARKLEROLL,Main Board,-,"2,000",True
0974.HK,0974,SKL,Main Board,-,"1,000",True
0975.HK,0975,MONGOL MINING,Main Board,-,"3,000",True
0976.HK,0976,CHIHO ENV,Main Board,-,"2,000",True
0978.HK,0978,CHI MER LAND,Main Board,-,"2,000",True
0979.HK,0979,GREEN ENERGY GP,Main Board,-,"2,000",True
0980.HK,0980,LIANHUA,Main Board,-,"1,000",True
0981.HK,0981,SMIC,Main Board,-,500,True
0983.HK,0983,SOCAM DEV,Main Board,-,"2,000",True
0984.HK,0984,AEON STORES,Main Board,-,500,True
0986.HK,0986,DUFU LIQUOR GP,Main Board,-,"5,000",True
0987.HK,0987,CH RENEW EN INV,Main Board,-,"2,000",True
0989.HK,0989,CHINA CBS INTL,Main Board,-,"10,000",True
0990.HK,0990,DEEP SOURCE,Main Board,-,"10,000",True
0991.HK,0991,DATANG POWER,Main Board,-,"2,000",True
0992.HK,0992,LENOVO GROUP,Main Board,-,"2,000",True
0993.HK,0993,XINKONG INT CAP,Main Board,-,"1,000",True
0994.HK,0994,CT VISION,Main Board,-,"4,000",True
0995.HK,0995,ANHUIEXPRESSWAY,Main Board,-,"2,000",True
0997.HK,0997,CHINLINK INTL,Main Board,-,"8,000",True
0998.HK,0998,CITIC BANK,Main Board,-,"1,000",True
0999.HK,0999,XIAOCAIYUAN,Main Board,-,800,True
1000.HK,1000,BEIJING MEDIA,Main Board,-,500,True
1001.HK,1001,HK SH ALLIANCE,Main Board,-,"2,000",True
1002.HK,1002,V.S. INT'L,Main Board,-,"4,000",True
1003.HK,1003,HUANXI MEDIA,Main Board,-,"10,000",True
1004.HK,1004,C SMARTERENERGY,Main Board,-,"10,000",True
1005.HK,1005,MATRIX HOLDINGS,Main Board,-,"2,000",True
1007.HK,1007,LONGHUI INTL,Main Board,-,"4,000",True
1008.HK,1008,LITU HOLDINGS,Main Board,-,"2,000",True
1009.HK,1009,INT'L ENT,Main Board,-,"10,000",True
1010.HK,1010,SKY BLUE 11,Main Board,-,"2,000",True
1011.HK,1011,NT PHARMA,Main Board,-,"10,000",True
1013.HK,1013,WAI CHUN GROUP,Main Board,-,"10,000",True
1020.HK,1020,CIPRUN TECH,Main Board,-,"4,000",True
1021.HK,1021,HUAYAN ROBOTICS,Main Board,-,200,True
1022.HK,1022,FEIYU,Main Board,-,"1,500",True
1023.HK,1023,SITOY GROUP,Main Board,-,"1,000",True
1024.HK,1024,KUAISHOU-W,Main Board,-,100,True
1025.HK,1025,KNT HOLDINGS,Main Board,-,"8,000",True
1026.HK,1026,UNIVERSAL TECH,Main Board,-,"10,000",True
1027.HK,1027,ASIA STRAT TECH,Main Board,-,"1,000",True
1028.HK,1028,C.BANNER,Main Board,-,"1,000",True
1029.HK,1029,IRC,Main Board,-,"4,000",True
1030.HK,1030,SEAZEN,Main Board,-,"2,000",True
1033.HK,1033,SINOPEC SSC,Main Board,-,"2,000",True
1036.HK,1036,VANKE OVERSEAS,Main Board,-,"1,000",True
1037.HK,1037,MAXNERVA TECH,Main Board,-,"2,000",True
1038.HK,1038,CKI HOLDINGS,Main Board,-,500,True
1039.HK,1039,CHANGYOU INT GP,Main Board,-,"1,000",True
1044.HK,1044,HENGAN INT'L,Main Board,-,500,True
1045.HK,1045,APT SATELLITE,Main Board,-,"2,000",True
1046.HK,1046,UNIVERSE ENT,Main Board,-,"5,000",True
1047.HK,1047,NGAI HING HONG,Main Board,-,"2,000",True
1049.HK,1049,CELESTIAL ASIA,Main Board,-,"2,000",True
1050.HK,1050,KARRIE INT'L,Main Board,-,"2,000",True
1051.HK,1051,G-RESOURCES,Main Board,-,"1,000",True
1052.HK,1052,YUEXIUTRANSPORT,Main Board,-,"2,000",True
1053.HK,1053,CHONGQING IRON,Main Board,-,"2,000",True
1055.HK,1055,CHINA SOUTH AIR,Main Board,-,"2,000",True
1057.HK,1057,ZHEJIANG SHIBAO,Main Board,-,"2,000",True
1058.HK,1058,NAMYUE HOLDINGS,Main Board,-,"2,000",True
1059.HK,1059,KANTONE HOLDING,Main Board,-,"3,000",True
1060.HK,1060,DAMAI ENT,Main Board,-,"10,000",True
1061.HK,1061,ESSEX BIO-TECH,Main Board,-,"1,000",True
1063.HK,1063,SUNCORP TECH,Main Board,-,"5,000",True
1064.HK,1064,ZHONG HUA INT'L,Main Board,-,"5,000",True
1065.HK,1065,TIANJIN CAPITAL,Main Board,-,"2,000",True
1066.HK,1066,WEIGAO GROUP,Main Board,-,400,True
1068.HK,1068,YURUN FOOD,Main Board,-,"1,000",True
1069.HK,1069,CN HEALTH TECH,Main Board,-,"10,000",True
1070.HK,1070,TCL ELECTRONICS,Main Board,-,"1,000",True
1071.HK,1071,HUADIAN POWER,Main Board,-,"2,000",True
1072.HK,1072,DONGFANG ELEC,Main Board,-,200,True
1073.HK,1073,DA YU FIN,Main Board,-,"5,000",True
1075.HK,1075,CAPINFO,Main Board,-,"1,000",True
1079.HK,1079,PINE TECH,Main Board,-,"10,000",True
1080.HK,1080,SHENGLI PIPE,Main Board,-,"1,500",True
1081.HK,1081,DAJIN,Main Board,-,100,True
1082.HK,1082,BDV EDU INTL,Main Board,-,"4,000",True
1083.HK,1083,TG SMART ENERGY,Main Board,-,"1,000",True
1084.HK,1084,GREEN FRESH BIO,Main Board,-,"2,000",True
1085.HK,1085,HXTL,Main Board,-,"2,000",True
1086.HK,1086,GOODBABY INTL,Main Board,-,"1,000",True
1087.HK,1087,INVESTECH HLDGS,Main Board,-,"2,000",True
1088.HK,1088,CHINA SHENHUA,Main Board,-,500,True
1090.HK,1090,DA MING INT'L,Main Board,-,"2,000",True
1091.HK,1091,SOUTH MANGANESE,Main Board,-,"1,000",True
1093.HK,1093,CSPC PHARMA,Main Board,-,"2,000",True
1094.HK,1094,CHERISH SUN,Main Board,-,"8,000",True
1097.HK,1097,CTFME,Main Board,-,"20,000",True
1098.HK,1098,ROAD KING INFRA,Main Board,-,"1,000",True
1099.HK,1099,SINOPHARM,Main Board,-,400,True
1100.HK,1100,MAINLAND HOLD,Main Board,-,"2,000",True
1101.HK,1101,HUARONG ENERGY,Main Board,-,"2,000",True
1102.HK,1102,ENVIRO ENERGY,Main Board,-,"2,000",True
1104.HK,1104,APAC RESOURCES,Main Board,-,"20,000",True
1105.HK,1105,SING TAO,Main Board,-,"2,000",True
1107.HK,1107,MODERN LAND,Main Board,-,"2,000",True
1108.HK,1108,TRIUMPH NEW EN,Main Board,-,"2,000",True
1109.HK,1109,CHINA RES LAND,Main Board,-,500,True
1110.HK,1110,KINGWORLD,Main Board,-,"4,000",True
1111.HK,1111,HUASHI GROUP,Main Board,-,"4,000",True
1112.HK,1112,H&H INTL HLDG,Main Board,-,500,True
1113.HK,1113,CK ASSET,Main Board,-,500,True
1114.HK,1114,BRILLIANCE CHI,Main Board,-,"2,000",True
1115.HK,1115,5100 XIZANG,Main Board,-,"10,000",True
1116.HK,1116,HC TECH GP,Main Board,-,"10,000",True
1117.HK,1117,CH MODERN D,Main Board,-,"1,000",True
1118.HK,1118,GOLIK HOLDINGS,Main Board,-,"10,000",True
1119.HK,1119,IDREAMSKY,Main Board,-,400,True
1120.HK,1120,ARTS OPTICAL,Main Board,-,"2,000",True
1121.HK,1121,GOLDENSOLAR,Main Board,-,"2,000",True
1122.HK,1122,QINGLING MOTORS,Main Board,-,"2,000",True
1123.HK,1123,CHINA-HK PHOTO,Main Board,-,"2,000",True
1124.HK,1124,COASTAL GL,Main Board,-,"10,000",True
1125.HK,1125,LAI FUNG HOLD,Main Board,-,400,True
1126.HK,1126,DREAM INT'L,Main Board,-,500,True
1127.HK,1127,LION ROCK GROUP,Main Board,-,"4,000",True
1128.HK,1128,WYNN MACAU,Main Board,-,400,True
1129.HK,1129,WATER INDUSTRY,Main Board,-,"4,000",True
1130.HK,1130,CHINA ENV RES,Main Board,-,"20,000",True
1132.HK,1132,ORANGE SKY G H,Main Board,-,"5,000",True
1133.HK,1133,HARBIN ELECTRIC,Main Board,-,"2,000",True
1134.HK,1134,KELFRED,Main Board,-,"4,000",True
1137.HK,1137,HK TECH VENTURE,Main Board,-,"1,000",True
1138.HK,1138,COSCO SHIP ENGY,Main Board,-,"2,000",True
1141.HK,1141,CMBC CAPITAL,Main Board,-,"1,000",True
1142.HK,1142,E&P GLOBAL,Main Board,-,"2,000",True
1145.HK,1145,COURAGE INV,Main Board,-,"20,000",True
1146.HK,1146,HUICHENG INTL H,Main Board,-,"2,000",True
1147.HK,1147,EDENSOFT,Main Board,-,"10,000",True
1148.HK,1148,POWER XINCHEN,Main Board,-,"1,000",True
1150.HK,1150,MILAN STATION,Main Board,-,"10,000",True
1152.HK,1152,MOMENTUM FIN,Main Board,-,"2,000",True
1153.HK,1153,JIAYUAN SER,Main Board,-,"1,000",True
1156.HK,1156,CHINANEWENERGY,Main Board,-,"4,000",True
1157.HK,1157,ZOOMLION,Main Board,-,200,True
1159.HK,1159,SMART DIGI TECH,Main Board,-,"2,000",True
1161.HK,1161,WATER OASIS GP,Main Board,-,"2,000",True
1162.HK,1162,LUMINA GROUP,Main Board,-,"8,000",True
1163.HK,1163,ADTIGER CORP,Main Board,-,"2,500",True
1164.HK,1164,CGN MINING,Main Board,-,"5,000",True
1165.HK,1165,SFCE,Main Board,-,"2,000",True
1166.HK,1166,SOLARTECH INT'L,Main Board,-,"10,000",True
1167.HK,1167,JACOBIO-B,Main Board,-,300,True
1168.HK,1168,Z FIN,Main Board,-,"1,000",True
1170.HK,1170,KINGMAKER,Main Board,-,"2,000",True
1171.HK,1171,YANKUANG ENERGY,Main Board,-,"2,000",True
1172.HK,1172,MAGNUSCONCORDIA,Main Board,-,"20,000",True
1173.HK,1173,VEEKO INT'L,Main Board,-,"20,000",True
1176.HK,1176,ZHUGUANG HOLD,Main Board,-,"2,000",True
1177.HK,1177,SBP GROUP,Main Board,-,"1,000",True
1179.HK,1179,HWORLD-S,Main Board,-,100,True
1180.HK,1180,PARADISE ENT,Main Board,-,"4,000",True
1181.HK,1181,TANG PALACE,Main Board,-,"2,000",True
1182.HK,1182,SUCCESS DRAGON,Main Board,-,"5,000",True
1183.HK,1183,MECOM POWER,Main Board,-,"2,000",True
1184.HK,1184,S.A.S. DRAGON,Main Board,-,"2,000",True
1186.HK,1186,CHINA RAIL CONS,Main Board,-,500,True
1187.HK,1187,COFOE MEDICAL,Main Board,-,100,True
1188.HK,1188,HYBRID KINETIC,Main Board,-,"2,000",True
1191.HK,1191,CREALIGHTS,Main Board,-,50,True
1193.HK,1193,CHINA RES GAS,Main Board,-,100,True
1195.HK,1195,KINGWELL GROUP,Main Board,-,"4,000",True
1196.HK,1196,REALORD TEC-NEW,Main Board,-,"1,000",True
1198.HK,1198,ROYALE HOME,Main Board,-,"2,000",True
1199.HK,1199,COSCO SHIP PORT,Main Board,-,"2,000",True
1200.HK,1200,MIDLAND HOLDING,Main Board,-,"2,000",True
1201.HK,1201,TESSON HOLDINGS,Main Board,-,"3,000",True
1202.HK,1202,SIWI SCI & TECH,Main Board,-,"2,000",True
1203.HK,1203,GUANGNAN (HOLD),Main Board,-,"2,000",True
1204.HK,1204,BOARDWARE INTEL,Main Board,-,"2,000",True
1205.HK,1205,CITIC RESOURCES,Main Board,-,"2,000",True
1206.HK,1206,TECHNOVATOR,Main Board,-,"2,000",True
1208.HK,1208,MMG,Main Board,-,"4,000",True
1209.HK,1209,CHINA RES MIXC,Main Board,-,200,True
1211.HK,1211,BYD COMPANY,Main Board,-,100,True
1213.HK,1213,MOBICON GROUP,Main Board,-,"2,000",True
1215.HK,1215,KAI YUAN HLDGS,Main Board,-,"20,000",True
1216.HK,1216,ZYBANK,Main Board,-,"1,000",True
1218.HK,1218,EASYKNIT INT'L,Main Board,-,"1,000",True
1220.HK,1220,ZHIDAO INT'L,Main Board,-,"30,000",True
1221.HK,1221,SINO HOTELS,Main Board,-,"2,000",True
1222.HK,1222,WANG ON GROUP,Main Board,-,"20,000",True
1223.HK,1223,SYMPHONY HOLD,Main Board,-,"10,000",True
1224.HK,1224,C C LAND,Main Board,-,"1,000",True
1225.HK,1225,LERADO FIN,Main Board,-,"10,000",True
1228.HK,1228,CANBRIDGE-B,Main Board,-,"1,000",True
1229.HK,1229,NAN NAN RES,Main Board,-,"2,000",True
1231.HK,1231,NEWTON RES,Main Board,-,"2,000",True
1232.HK,1232,GW TIANDI,Main Board,-,"8,000",True
1233.HK,1233,TIMES CHINA,Main Board,-,"1,000",True
1234.HK,1234,CHINA LILANG,Main Board,-,"1,000",True
1235.HK,1235,TRAVEL EXPERT,Main Board,-,"5,000",True
1236.HK,1236,LDROBOT,Main Board,-,200,True
1237.HK,1237,CH ENV TECH&BIO,Main Board,-,"10,000",True
1238.HK,1238,POWERLONG,Main Board,-,"1,000",True
1239.HK,1239,TEAMWAY INTL GP,Main Board,-,"20,000",True
1240.HK,1240,CNQC INT'L,Main Board,-,"2,500",True
1241.HK,1241,SHUANGHUA H,Main Board,-,"2,000",True
1243.HK,1243,WANG ON PPT,Main Board,-,"4,000",True
1244.HK,1244,3D MEDICINES,Main Board,-,500,True
1245.HK,1245,NIRAKU,Main Board,-,"2,000",True
1247.HK,1247,MIKO INTL,Main Board,-,"6,000",True
1250.HK,1250,SDHS NEW ENERGY,Main Board,-,"1,000",True
1251.HK,1251,SPT ENERGY,Main Board,-,"2,000",True
1252.HK,1252,CHINA TIANRUI,Main Board,-,"1,000",True
1253.HK,1253,GREEN BROAD,Main Board,-,"12,000",True
1255.HK,1255,TATA HEALTH,Main Board,-,"2,000",True
1257.HK,1257,CEB GREENTECH,Main Board,-,"1,000",True
1258.HK,1258,CHINFMINING,Main Board,-,"1,000",True
1259.HK,1259,PROSPER FUTURE,Main Board,-,"1,000",True
1260.HK,1260,WONDERFUL SKY,Main Board,-,"2,000",True
1262.HK,1262,LABIXIAOXIN,Main Board,-,"2,000",True
1265.HK,1265,TIANJINJINRAN,Main Board,-,"10,000",True
1268.HK,1268,MEIDONG AUTO,Main Board,-,"2,000",True
1269.HK,1269,FIRST CAP GP,Main Board,-,"10,000",True
1270.HK,1270,LANGHAM-SS,Main Board,-,"2,000",True
1271.HK,1271,GRAND MING,Main Board,-,"1,000",True
1272.HK,1272,DATANG ENVIRO,Main Board,-,"1,000",True
1273.HK,1273,HK FINANCE GP,Main Board,-,"4,000",True
1274.HK,1274,IMOTIONTECH,Main Board,-,100,True
1276.HK,1276,HENGRUI PHARMA,Main Board,-,200,True
1277.HK,1277,KINETIC DEV,Main Board,-,"2,000",True
1278.HK,1278,CHINANEWTOWN,Main Board,-,"2,500",True
1280.HK,1280,QIDIAN GUOFENG,Main Board,-,"2,000",True
1281.HK,1281,XINDA INV HLDGS,Main Board,-,"1,000",True
1282.HK,1282,RENZE HARVEST,Main Board,-,"8,000",True
1283.HK,1283,ACCEL GROUP,Main Board,-,"5,000",True
1284.HK,1284,NEW MEDIA LAB,Main Board,-,"5,000",True
1285.HK,1285,JIASHILI GP,Main Board,-,"1,000",True
1286.HK,1286,IMPRO PRECISION,Main Board,-,"1,000",True
1288.HK,1288,ABC,Main Board,-,"1,000",True
1289.HK,1289,SUNLIT SCI,Main Board,-,500,True
1290.HK,1290,CHINA HUIRONG,Main Board,-,"2,000",True
1292.HK,1292,CM LOGISTICS,Main Board,-,"1,000",True
1293.HK,1293,GRAND BAOXIN,Main Board,-,500,True
1298.HK,1298,YUNNAN ENERGY,Main Board,-,"1,000",True
1299.HK,1299,AIA,Main Board,-,200,True
1300.HK,1300,TRIGIANT,Main Board,-,"2,000",True
1301.HK,1301,D&G TECH,Main Board,-,"2,000",True
1302.HK,1302,LIFETECH SCI,Main Board,-,"2,000",True
1303.HK,1303,HUILI RES,Main Board,-,"2,000",True
1304.HK,1304,FORTIOR,Main Board,-,100,True
1305.HK,1305,WAI CHI HOLD,Main Board,-,"1,000",True
1308.HK,1308,SITC,Main Board,-,"1,000",True
1310.HK,1310,HKBN,Main Board,-,500,True
1312.HK,1312,KONTA CHINA,Main Board,-,"6,000",True
1313.HK,1313,CR BLDG MAT TEC,Main Board,-,"2,000",True
1314.HK,1314,TSUI WAH HLDG,Main Board,-,"2,000",True
1315.HK,1315,GREEN ECONOMY,Main Board,-,"10,000",True
1316.HK,1316,NEXTEER,Main Board,-,"1,000",True
1317.HK,1317,MAPLELEAF EDU,Main Board,-,"2,000",True
1318.HK,1318,MAO GEPING,Main Board,-,100,True
1319.HK,1319,OIWAHPAWN,Main Board,-,"8,000",True
1321.HK,1321,CHINA NEWCITY,Main Board,-,"2,000",True
1323.HK,1323,HUASHENG INTL,Main Board,-,"20,000",True
1326.HK,1326,TRANSMIT ENT,Main Board,-,"8,000",True
1327.HK,1327,LUXXU GROUP,Main Board,-,"20,000",True
1328.HK,1328,GOLDSTREAM INV,Main Board,-,"1,000",True
1330.HK,1330,DYNAGREEN ENV,Main Board,-,"1,000",True
1332.HK,1332,TOUYUN BIOTECH,Main Board,-,"10,000",True
1333.HK,1333,BRETON,Main Board,-,200,True
1334.HK,1334,RUICHANG INTL,Main Board,-,"2,500",True
1335.HK,1335,SHEEN TAI,Main Board,-,"2,000",True
1336.HK,1336,NCI,Main Board,-,100,True
1338.HK,1338,BAWANG GROUP,Main Board,-,"2,000",True
1339.HK,1339,PICC GROUP,Main Board,-,"1,000",True
1340.HK,1340,HUISHENG INTL,Main Board,-,"10,000",True
1341.HK,1341,HAO TIAN INTL,Main Board,-,"8,000",True
1343.HK,1343,WEI YUAN HLDG,Main Board,-,"5,000",True
1345.HK,1345,SH PIONEER HLDG,Main Board,-,"1,000",True
1346.HK,1346,LEVER STYLE,Main Board,-,"4,000",True
1347.HK,1347,HUA HONG GRACE,Main Board,-,"1,000",True
1348.HK,1348,QUALI-SMART,Main Board,-,"2,000",True
1349.HK,1349,FUDANZHANGJIANG,Main Board,-,"1,000",True
1351.HK,1351,BRIGHT FUTURE,Main Board,-,"2,000",True
1354.HK,1354,KINGFARPROPERTY,Main Board,-,300,True
1355.HK,1355,BIOSYSEN,Main Board,-,"20,000",True
1357.HK,1357,MEITU,Main Board,-,500,True
1358.HK,1358,PW MEDTECH,Main Board,-,"1,000",True
1359.HK,1359,CHINA CINDA,Main Board,-,"1,000",True
1361.HK,1361,361 DEGREES,Main Board,-,"1,000",True
1362.HK,1362,SIS MOBILE,Main Board,-,"4,000",True
1364.HK,1364,GUMING,Main Board,-,400,True
1368.HK,1368,XTEP INT'L,Main Board,-,500,True
1370.HK,1370,AOWEI HOLDING,Main Board,-,"1,000",True
1371.HK,1371,CHINA ECOTOUR,Main Board,-,"2,000",True
1372.HK,1372,C CARBONNEUTRAL,Main Board,-,"1,000",True
1373.HK,1373,IH RETAIL,Main Board,-,"1,000",True
1375.HK,1375,CC SECURITIES,Main Board,-,"1,000",True
1376.HK,1376,RAFFLESINTERIOR,Main Board,-,"8,000",True
1377.HK,1377,DTECH,Main Board,-,100,True
1378.HK,1378,CHINAHONGQIAO,Main Board,-,500,True
1379.HK,1379,WENLING MCT,Main Board,-,500,True
1380.HK,1380,CHI KINGSTONE,Main Board,-,"10,000",True
1382.HK,1382,PACIFICTEXTILES,Main Board,-,"1,000",True
1384.HK,1384,DEEPEXI TECH,Main Board,-,200,True
1385.HK,1385,SHANGHAI FUDAN,Main Board,-,"1,000",True
1388.HK,1388,EMBRY HOLDINGS,Main Board,-,"1,000",True
1389.HK,1389,MAJOR HLDGS,Main Board,-,"12,000",True
1392.HK,1392,HQVT,Main Board,-,500,True
1393.HK,1393,HIDILI INDUSTRY,Main Board,-,"1,000",True
1395.HK,1395,ELL ENV,Main Board,-,"5,000",True
1396.HK,1396,GBA AI COMP,Main Board,-,500,True
1397.HK,1397,BAGUIO GREEN,Main Board,-,"4,000",True
1398.HK,1398,ICBC,Main Board,-,"1,000",True
1399.HK,1399,VESON HLDG,Main Board,-,"2,000",True
1400.HK,1400,MOODY TECH HLDG,Main Board,-,"10,000",True
1401.HK,1401,FUTURE MACH LTD,Main Board,-,"2,000",True
1402.HK,1402,I-CONTROL,Main Board,-,"10,000",True
1405.HK,1405,DPC DASH,Main Board,-,100,True
1406.HK,1406,CLARITY MEDICAL,Main Board,-,"1,250",True
1407.HK,1407,JY GAS,Main Board,-,"2,000",True
1408.HK,1408,MACAU E&M,Main Board,-,"2,000",True
1410.HK,1410,EDVANCE INTL,Main Board,-,"10,000",True
1412.HK,1412,Q P GROUP,Main Board,-,"2,000",True
1413.HK,1413,FEG HOLDINGS,Main Board,-,"7,000",True
1415.HK,1415,COWELL,Main Board,-,"1,000",True
1416.HK,1416,CTR HOLDINGS,Main Board,-,"10,000",True
1417.HK,1417,RIVERINE CHINA,Main Board,-,"2,000",True
1418.HK,1418,SINOMAX GROUP,Main Board,-,"2,000",True
1419.HK,1419,HUMAN HEALTH,Main Board,-,"2,000",True
1420.HK,1420,CHUAN HOLDING,Main Board,-,"4,000",True
1421.HK,1421,PROSP GP INTL,Main Board,-,"5,000",True
1425.HK,1425,JUSTIN ALLEN H,Main Board,-,"5,000",True
1427.HK,1427,CH TIANBAO GP,Main Board,-,"1,000",True
1428.HK,1428,BRIGHT SMART,Main Board,-,"2,000",True
1429.HK,1429,SKYMISSION GP,Main Board,-,"8,000",True
1431.HK,1431,YST DAIRY,Main Board,-,"1,000",True
1432.HK,1432,CHINASHENGMU-PF,Main Board,-,"1,000",True
1433.HK,1433,CIRTEK HLDGS,Main Board,-,"10,000",True
1440.HK,1440,STAR SHINE HLDG,Main Board,-,"2,500",True
1442.HK,1442,INFINITY L&T,Main Board,-,"5,000",True
1443.HK,1443,FULUM GP HLDG,Main Board,-,"2,000",True
1446.HK,1446,HUNGFOOKTONG,Main Board,-,"2,000",True
1447.HK,1447,SFK,Main Board,-,"2,000",True
1448.HK,1448,FU SHOU YUAN,Main Board,-,"1,000",True
1449.HK,1449,LEADER EDU,Main Board,-,"1,000",True
1450.HK,1450,BE FRIENDS HLDG,Main Board,-,"2,000",True
1451.HK,1451,MS GROUP HLDGS,Main Board,-,"2,000",True
1452.HK,1452,DENOX ENV,Main Board,-,"1,000",True
1455.HK,1455,FOURACE IND GP,Main Board,-,"5,000",True
1456.HK,1456,GLMS SEC,Main Board,-,500,True
1458.HK,1458,ZHOU HEI YA,Main Board,-,500,True
1459.HK,1459,JUJIANG CONS,Main Board,-,"2,000",True
1460.HK,1460,ICO GROUP,Main Board,-,"8,000",True
1461.HK,1461,ZHONGTAIFUTURES,Main Board,-,"1,000",True
1463.HK,1463,C-LINK SQ,Main Board,-,"2,000",True
1466.HK,1466,BAIJIN LIFE SCI,Main Board,-,"8,000",True
1468.HK,1468,JAKOTA CAPITAL,Main Board,-,"10,000",True
1470.HK,1470,PROSPER ONE,Main Board,-,"4,000",True
1471.HK,1471,ZHONGMIAO,Main Board,-,100,True
1472.HK,1472,SANG HING HLDGS,Main Board,-,"5,000",True
1473.HK,1473,PANGAEA CONNECT,Main Board,-,"4,000",True
1475.HK,1475,NISSIN FOODS,Main Board,-,"1,000",True
1476.HK,1476,FIN STREET SEC,Main Board,-,"1,000",True
1477.HK,1477,OCUMENSION-B,Main Board,-,500,True
1478.HK,1478,Q TECH,Main Board,-,"1,000",True
1480.HK,1480,YAN TAT GROUP,Main Board,-,"2,000",True
1481.HK,1481,SMART GLOBE,Main Board,-,"10,000",True
1483.HK,1483,NET-A-GO TECH,Main Board,-,"2,000",True
1486.HK,1486,C CHENG HLDGS,Main Board,-,"10,000",True
1488.HK,1488,BEST FOOD HLDG,Main Board,-,"2,000",True
1489.HK,1489,GC CONSTRUCTION,Main Board,-,"5,000",True
1490.HK,1490,AI X TECH,Main Board,-,"4,000",True
1496.HK,1496,AP RENTALS,Main Board,-,"4,000",True
1497.HK,1497,YAN PALACE,Main Board,-,400,True
1498.HK,1498,PURAPHARM,Main Board,-,500,True
1499.HK,1499,OKG TECH,Main Board,-,"10,000",True
1500.HK,1500,INCON,Main Board,-,"5,000",True
1501.HK,1501,INT MEDICAL,Main Board,-,200,True
1502.HK,1502,FIN STREET PPT,Main Board,-,"1,000",True
1508.HK,1508,CHINA RE,Main Board,-,"1,000",True
1511.HK,1511,UISEE TECH,Main Board,-,50,True
1513.HK,1513,LIVZON PHARMA,Main Board,-,100,True
1515.HK,1515,CR MEDICAL,Main Board,-,500,True
1516.HK,1516,SUNAC SERVICES,Main Board,-,"1,000",True
1518.HK,1518,NC HEALTHCARE,Main Board,-,500,True
1519.HK,1519,J&T EXPRESS-W,Main Board,-,200,True
1520.HK,1520,VIRTUAL MIND,Main Board,-,"6,000",True
1521.HK,1521,FRONTAGE,Main Board,-,"2,000",True
1522.HK,1522,BII TRANS TECH,Main Board,-,"4,000",True
1523.HK,1523,PLOVER BAY TECH,Main Board,-,"1,000",True
1525.HK,1525,GENCH EDU,Main Board,-,500,True
1526.HK,1526,RICI HEALTH,Main Board,-,"1,000",True
1527.HK,1527,TENGY ENV,Main Board,-,200,True
1528.HK,1528,RS MACALLINE,Main Board,-,200,True
1529.HK,1529,YUES INTL HLDG,Main Board,-,"2,000",True
1530.HK,1530,3SBIO,Main Board,-,500,True
1532.HK,1532,CHINA PARTYTIME,Main Board,-,"3,000",True
1536.HK,1536,YUK WING GP,Main Board,-,"2,000",True
1538.HK,1538,ZHONG AO HOME,Main Board,-,"2,000",True
1539.HK,1539,UNITY GP HLDGS,Main Board,-,"2,000",True
1540.HK,1540,LEFTFIELD PRINT,Main Board,-,"3,000",True
1541.HK,1541,IMMUNEONCO-B,Main Board,-,200,True
1542.HK,1542,TAIZHOU WATER,Main Board,-,"1,000",True
1543.HK,1543,JOIN-SHARE,Main Board,-,"2,000",True
1545.HK,1545,DESIGN CAPITAL,Main Board,-,"10,000",True
1546.HK,1546,THELLOY DEV,Main Board,-,"8,000",True
1547.HK,1547,IBI GROUP HLDGS,Main Board,-,"8,000",True
1548.HK,1548,GENSCRIPT BIO,Main Board,-,"2,000",True
1549.HK,1549,EVER HARVEST GP,Main Board,-,"8,000",True
1551.HK,1551,GRCB,Main Board,-,"1,000",True
1552.HK,1552,BHCC HOLDING,Main Board,-,"5,000",True
1553.HK,1553,MAIKE TUBE,Main Board,-,"2,000",True
1555.HK,1555,MIE HOLDINGS,Main Board,-,"2,000",True
1556.HK,1556,CHINNEY KW,Main Board,-,"5,000",True
1557.HK,1557,K.H. GP HLDGS,Main Board,-,"4,000",True
1559.HK,1559,KWAN ON HLDGS,Main Board,-,"10,000",True
1560.HK,1560,STAR GROUP ASIA,Main Board,-,"2,000",True
1561.HK,1561,PAN ASIA DATA H,Main Board,-,"4,000",True
1563.HK,1563,ALLI INTL ED LE,Main Board,-,"1,000",True
1565.HK,1565,VIRSCEND EDU,Main Board,-,"1,000",True
1566.HK,1566,CA CULTURAL,Main Board,-,"5,000",True
1568.HK,1568,SUNDART HLDGS,Main Board,-,"2,000",True
1569.HK,1569,MINSHENG EDU,Main Board,-,"2,000",True
1570.HK,1570,WEIYE HOLDINGS,Main Board,-,"1,000",True
1571.HK,1571,XIN POINT HOLD,Main Board,-,"1,000",True
1572.HK,1572,CHINA ART FIN,Main Board,-,"4,000",True
1575.HK,1575,REGAL PARTNERS,Main Board,-,"2,000",True
1576.HK,1576,QILU EXPRESSWAY,Main Board,-,"1,000",True
1577.HK,1577,HUIXIN CREDIT,Main Board,-,"2,000",True
1578.HK,1578,BANK OF TIANJIN,Main Board,-,500,True
1579.HK,1579,YIHAI INTL,Main Board,-,"1,000",True
1580.HK,1580,DA SEN HLDGS,Main Board,-,"30,000",True
1581.HK,1581,PROGRESSIVE P,Main Board,-,"10,000",True
1582.HK,1582,CR CONSTRUCTION,Main Board,-,"2,500",True
1583.HK,1583,QINQIN FOODS,Main Board,-,"1,000",True
1585.HK,1585,YADEA,Main Board,-,"2,000",True
1586.HK,1586,LEON INSPECTION,Main Board,-,"4,000",True
1587.HK,1587,SHINEROAD INTL,Main Board,-,"4,000",True
1588.HK,1588,CHANJET,Main Board,-,200,True
1591.HK,1591,SHUN WO GROUP,Main Board,-,"20,000",True
1592.HK,1592,ANCHORSTONE,Main Board,-,"10,000",True
1593.HK,1593,CHEN LIN EDU,Main Board,-,"2,000",True
1596.HK,1596,YICHEN IND,Main Board,-,"1,000",True
1597.HK,1597,NATURE ENERGY T,Main Board,-,"1,000",True
1598.HK,1598,21CENTURY EDU,Main Board,-,"3,000",True
1599.HK,1599,UCD,Main Board,-,"1,000",True
1600.HK,1600,TIAN LUN GAS,Main Board,-,500,True
1601.HK,1601,ZGC TEC LEASING,Main Board,-,"2,000",True
1606.HK,1606,CDB LEASING,Main Board,-,"2,000",True
1608.HK,1608,VPOWER GROUP,Main Board,-,"1,000",True
1609.HK,1609,STAR SPORTS MED,Main Board,-,50,True
1610.HK,1610,COFCO JOYCOME,Main Board,-,"1,000",True
1611.HK,1611,BITFIRE GROUP,Main Board,-,500,True
1612.HK,1612,VINCENT MED,Main Board,-,"2,000",True
1613.HK,1613,SYNERTONE,Main Board,-,"6,400",True
1615.HK,1615,AB BUILDERS,Main Board,-,"5,000",True
1616.HK,1616,A METAVERSE,Main Board,-,"2,000",True
1617.HK,1617,NANFANG COMM,Main Board,-,"4,000",True
1618.HK,1618,MCC,Main Board,-,"1,000",True
1620.HK,1620,CINESE INTL,Main Board,-,"10,000",True
1621.HK,1621,VICO INTL HLDGS,Main Board,-,"8,000",True
1622.HK,1622,REDCO GROUP,Main Board,-,"2,000",True
1623.HK,1623,HILONG,Main Board,-,"1,000",True
1626.HK,1626,JIA YAO HLDGS,Main Board,-,"1,000",True
1627.HK,1627,ABLE ENG HLDGS,Main Board,-,"4,000",True
1628.HK,1628,YUZHOU GROUP,Main Board,-,"5,000",True
1629.HK,1629,CHAMP ALLI INTL,Main Board,-,"4,000",True
1630.HK,1630,KIN SHING HLDGS,Main Board,-,"6,000",True
1631.HK,1631,REF HOLDINGS,Main Board,-,"5,000",True
1632.HK,1632,MSCTECH,Main Board,-,"2,000",True
1633.HK,1633,SHEUNG YUE GP,Main Board,-,"3,000",True
1635.HK,1635,DZUG,Main Board,-,"1,000",True
1636.HK,1636,CMRU,Main Board,-,"8,000",True
1637.HK,1637,SH GROUP HLDG,Main Board,-,"2,000",True
1638.HK,1638,KAISA GROUP,Main Board,-,"1,000",True
1640.HK,1640,QIAN XUN TECH,Main Board,-,"2,000",True
1641.HK,1641,HX COLDCHAIN,Main Board,-,500,True
1643.HK,1643,MODERN CHI MED,Main Board,-,"3,000",True
1645.HK,1645,HAINA INTEL,Main Board,-,"4,000",True
1647.HK,1647,GRANDSHORES,Main Board,-,"5,000",True
1650.HK,1650,HYGIEIA GROUP,Main Board,-,"8,000",True
1651.HK,1651,TSUGAMI CHINA,Main Board,-,500,True
1652.HK,1652,FUSEN PHARM,Main Board,-,"1,000",True
1653.HK,1653,MOS HOUSE,Main Board,-,"20,000",True
1655.HK,1655,OKURA HOLDINGS,Main Board,-,"5,000",True
1656.HK,1656,ISDN HOLDINGS,Main Board,-,"2,000",True
1657.HK,1657,SG GROUP HLDGS,Main Board,-,500,True
1658.HK,1658,PSBC,Main Board,-,"1,000",True
1660.HK,1660,SEVEN ELEMENTS,Main Board,-,"8,000",True
1661.HK,1661,CH FRONTIER TEC,Main Board,-,"6,000",True
1662.HK,1662,YEE HOP HLDGS,Main Board,-,"1,000",True
1663.HK,1663,S HARBOURHOLD,Main Board,-,"2,000",True
1666.HK,1666,TONG REN TANG,Main Board,-,"1,000",True
1667.HK,1667,DIMMI LIFE HLDG,Main Board,-,"10,000",True
1668.HK,1668,CHINASOUTHCITY,Main Board,-,"2,000",True
1669.HK,1669,GIC GROUP,Main Board,-,"2,000",True
1671.HK,1671,TIANBAO ENERGY,Main Board,-,"2,000",True
1672.HK,1672,ASCLETIS-B,Main Board,-,"1,000",True
1673.HK,1673,HUAZHANG TECH,Main Board,-,"2,000",True
1675.HK,1675,ASIAINFO TECH,Main Board,-,400,True
1676.HK,1676,GAODI HOLDINGS,Main Board,-,"10,000",True
1679.HK,1679,RISECOMM GP,Main Board,-,"5,000",True
1680.HK,1680,MACAU LEGEND,Main Board,-,"4,000",True
1681.HK,1681,CONSUN PHARMA,Main Board,-,"1,000",True
1682.HK,1682,HP LIVING TECH,Main Board,-,"4,000",True
1683.HK,1683,HOPE LIFE INT,Main Board,-,"16,000",True
1685.HK,1685,BOER POWER,Main Board,-,"1,000",True
1686.HK,1686,SUNEVISION,Main Board,-,"1,000",True
1688.HK,1688,LINGYI ITECH,Main Board,-,660,True
1689.HK,1689,HUAXIHOLDINGS,Main Board,-,"2,000",True
1690.HK,1690,LAP KEI ENGRG,Main Board,-,"10,000",True
1691.HK,1691,JS GLOBAL LIFE,Main Board,-,500,True
1692.HK,1692,TOWNRAY HLDGS,Main Board,-,"2,000",True
1693.HK,1693,BGMC,Main Board,-,"2,000",True
1695.HK,1695,S&P INTL HLDG,Main Board,-,"5,000",True
1696.HK,1696,SISRAM MED,Main Board,-,400,True
1697.HK,1697,SDITC,Main Board,-,"1,800",True
1698.HK,1698,TME-SW,Main Board,-,100,True
1701.HK,1701,TU YI HLDG,Main Board,-,"4,000",True
1702.HK,1702,DONGGUANG CHEM,Main Board,-,"4,000",True
1703.HK,1703,EASYHOLD GROUP,Main Board,-,"5,000",True
1705.HK,1705,B & S INTL HLDG,Main Board,-,"4,000",True
1707.HK,1707,GEOTECH HLDGS,Main Board,-,"8,000",True
1708.HK,1708,SAMPLE TECH,Main Board,-,500,True
1709.HK,1709,DL HOLDINGS GP,Main Board,-,"1,000",True
1710.HK,1710,TRIO IND ELEC,Main Board,-,"4,000",True
1711.HK,1711,ULFERTS,Main Board,-,"10,000",True
1712.HK,1712,DRAGON MINING,Main Board,-,"1,000",True
1713.HK,1713,SICHUAN EN INV,Main Board,-,"2,000",True
1715.HK,1715,AI HEALTH TECH,Main Board,-,"10,000",True
1716.HK,1716,MOST KWAI CHUNG,Main Board,-,"2,000",True
1717.HK,1717,AUSNUTRIA,Main Board,-,"1,000",True
1718.HK,1718,WAN KEI GROUP,Main Board,-,"5,000",True
1719.HK,1719,CIL GROUP,Main Board,-,"4,000",True
1720.HK,1720,PUTIAN COMM,Main Board,-,"4,000",True
1721.HK,1721,FSM HOLDINGS,Main Board,-,"5,000",True
1722.HK,1722,KIN PANG HLDGS,Main Board,-,"10,000",True
1723.HK,1723,MOON INC,Main Board,-,"2,000",True
1725.HK,1725,C STRATEGIC TEC,Main Board,-,200,True
1726.HK,1726,HKE HOLDINGS,Main Board,-,"5,000",True
1727.HK,1727,HEBEI CONS,Main Board,-,500,True
1728.HK,1728,ZHENGTONGAUTO,Main Board,-,500,True
1729.HK,1729,TIME INTERCON,Main Board,-,"1,000",True
1731.HK,1731,PROSPEROUS IND,Main Board,-,"4,000",True
1732.HK,1732,XIANGXING TECH,Main Board,-,"20,000",True
1733.HK,1733,E-COMMODITIES,Main Board,-,"2,000",True
1735.HK,1735,CENTRAL NEW EGY,Main Board,-,"1,000",True
1736.HK,1736,PARENTING NET,Main Board,-,"5,000",True
1737.HK,1737,A & S GROUP,Main Board,-,"10,000",True
1738.HK,1738,FS ANTHRACITE,Main Board,-,"2,500",True
1739.HK,1739,QEEKA HOME,Main Board,-,500,True
1740.HK,1740,VALUES CULTURAL,Main Board,-,"5,000",True
1741.HK,1741,SHING CHI HLDGS,Main Board,-,"4,000",True
1742.HK,1742,HPC HOLDINGS,Main Board,-,"5,000",True
1745.HK,1745,LVJI TECH,Main Board,-,"2,000",True
1746.HK,1746,MAN SHUN GP,Main Board,-,"4,000",True
1747.HK,1747,HOME CONTROL,Main Board,-,"2,000",True
1748.HK,1748,XIN YUAN ENT,Main Board,-,"2,000",True
1749.HK,1749,SHANSHAN,Main Board,-,"1,000",True
1750.HK,1750,REM GROUP HLDGS,Main Board,-,"10,000",True
1751.HK,1751,AI ENERGY ENG,Main Board,-,"2,000",True
1752.HK,1752,TOP EDUCATION,Main Board,-,"10,000",True
1753.HK,1753,DUIBA,Main Board,-,400,True
1755.HK,1755,S-ENJOY SERVICE,Main Board,-,"1,000",True
1756.HK,1756,CHI SCI&EDU IND,Main Board,-,"1,000",True
1757.HK,1757,GLOBAL CHI BC,Main Board,-,"1,000",True
1758.HK,1758,BOJUN EDU,Main Board,-,"2,000",True
1759.HK,1759,SINO GAS HLDGS,Main Board,-,"1,000",True
1760.HK,1760,INTRON TECH,Main Board,-,"1,000",True
1762.HK,1762,WANKA ONLINE,Main Board,-,"1,000",True
1763.HK,1763,CIRC,Main Board,-,200,True
1765.HK,1765,XJ INTL HLDGS,Main Board,-,"2,000",True
1766.HK,1766,CRRC,Main Board,-,"1,000",True
1767.HK,1767,TS WONDERS,Main Board,-,"10,000",True
1768.HK,1768,BUSYMING,Main Board,-,100,True
1769.HK,1769,SCHOLAR EDU,Main Board,-,"1,000",True
1770.HK,1770,DKE,Main Board,-,50,True
1771.HK,1771,SUNFONDA GP,Main Board,-,"1,000",True
1772.HK,1772,GANFENGLITHIUM,Main Board,-,200,True
1773.HK,1773,TIANLI INT HLDG,Main Board,-,"1,000",True
1775.HK,1775,BEXCELLENT GP,Main Board,-,"4,000",True
1776.HK,1776,GF SEC,Main Board,-,200,True
1777.HK,1777,FANTASIA,Main Board,-,"5,000",True
1778.HK,1778,COLOUR LIFE,Main Board,-,"1,000",True
1779.HK,1779,LONGBIO-B,Main Board,-,50,True
1780.HK,1780,RONGZUN INT'L H,Main Board,-,"2,500",True
1782.HK,1782,IB DIGITAL TECH,Main Board,-,"5,000",True
1783.HK,1783,ENVISION GREEN,Main Board,-,"1,000",True
1785.HK,1785,CHENGDU EXPWAY,Main Board,-,"1,000",True
1786.HK,1786,CRCCE,Main Board,-,500,True
1787.HK,1787,SD GOLD,Main Board,-,250,True
1788.HK,1788,GUOTAI JUNAN I,Main Board,-,"1,000",True
1789.HK,1789,AK MEDICAL,Main Board,-,"2,000",True
1790.HK,1790,TIL ENVIRO,Main Board,-,"5,000",True
1792.HK,1792,CMON,Main Board,-,"2,000",True
1793.HK,1793,WECON HOLDINGS,Main Board,-,"4,000",True
1795.HK,1795,YADONG GROUP,Main Board,-,"3,000",True
1796.HK,1796,METASPACEX,Main Board,-,"2,000",True
1797.HK,1797,EAST BUY,Main Board,-,500,True
1798.HK,1798,DATANG RENEW,Main Board,-,"1,000",True
1799.HK,1799,XINTE ENERGY,Main Board,-,400,True
1800.HK,1800,CHINA COMM CONS,Main Board,-,"1,000",True
1801.HK,1801,INNOVENT BIO,Main Board,-,500,True
1802.HK,1802,WENYE GROUP,Main Board,-,"2,000",True
1803.HK,1803,BJ SPORTS & ENT,Main Board,-,"5,000",True
1808.HK,1808,ENTERPRISE DEV,Main Board,-,"2,000",True
1809.HK,1809,PRINX CHENGSHAN,Main Board,-,500,True
1810.HK,1810,XIAOMI-W,Main Board,-,200,True
1811.HK,1811,CGN NEW ENERGY,Main Board,-,"2,000",True
1812.HK,1812,CHENMING PAPER,Main Board,-,500,True
1813.HK,1813,KWG GROUP,Main Board,-,500,True
1815.HK,1815,EVEREST GOLD,Main Board,-,"1,000",True
1816.HK,1816,CGN POWER,Main Board,-,"1,000",True
1817.HK,1817,MULSANNE GROUP,Main Board,-,500,True
1818.HK,1818,ZHAOJIN MINING,Main Board,-,500,True
1820.HK,1820,PM PACKAGING,Main Board,-,"1,000",True
1822.HK,1822,CHINA WOOD INT,Main Board,-,"30,000",True
1823.HK,1823,HUAYUEXPRESSWAY,Main Board,-,"2,000",True
1825.HK,1825,STERLING GP,Main Board,-,"2,000",True
1826.HK,1826,FDB HOLDINGS,Main Board,-,"10,000",True
1827.HK,1827,MIRICOR,Main Board,-,"5,000",True
1828.HK,1828,FWD,Main Board,-,100,True
1830.HK,1830,PERFECT MEDICAL,Main Board,-,"1,000",True
1831.HK,1831,SHIFANG HLDG,Main Board,-,"10,000",True
1832.HK,1832,SAI LEISURE,Main Board,-,"1,000",True
1833.HK,1833,PA GOODDOCTOR,Main Board,-,100,True
1835.HK,1835,REALWAY CAPITAL,Main Board,-,400,True
1836.HK,1836,STELLA HOLDINGS,Main Board,-,500,True
1837.HK,1837,NATURAL FOOD IH,Main Board,-,"2,000",True
1841.HK,1841,A.PLUS GROUP,Main Board,-,"10,000",True
1842.HK,1842,GROWN UP GROUP,Main Board,-,"4,000",True
1843.HK,1843,SNACK EMPIRE,Main Board,-,"4,000",True
1845.HK,1845,WG ENV TECH,Main Board,-,"3,000",True
1846.HK,1846,EUROEYES,Main Board,-,"1,000",True
1847.HK,1847,GHPC,Main Board,-,"1,000",True
1848.HK,1848,CALC,Main Board,-,500,True
1849.HK,1849,AM GROUP,Main Board,-,"5,000",True
1850.HK,1850,BEAUTIFULLIFEGP,Main Board,-,"10,000",True
1851.HK,1851,GINGKO EDU,Main Board,-,"2,000",True
1853.HK,1853,CHUNCHENG HEAT,Main Board,-,"2,500",True
1854.HK,1854,CHINA WANTIAN,Main Board,-,"10,000",True
1855.HK,1855,ZONQING LTD,Main Board,-,"2,000",True
1856.HK,1856,ERNEST BOREL,Main Board,-,"1,000",True
1857.HK,1857,CEB WATER,Main Board,-,"1,000",True
1858.HK,1858,CHUNLI MEDICAL,Main Board,-,250,True
1860.HK,1860,MOBVISTA,Main Board,-,"1,000",True
1861.HK,1861,PRECIOUS DRAGON,Main Board,-,"2,000",True
1862.HK,1862,JINGRUI HLDGS,Main Board,-,"1,000",True
1863.HK,1863,CHI LONGEVITY,Main Board,-,"1,000",True
1865.HK,1865,PENGO HLDG GP,Main Board,-,"12,000",True
1866.HK,1866,CHINA XLX FERT,Main Board,-,"1,000",True
1867.HK,1867,STD DEV GROUP,Main Board,-,"10,000",True
1868.HK,1868,NEO-NEON,Main Board,-,"2,000",True
1869.HK,1869,KAFELAKU COFFEE,Main Board,-,"10,000",True
1870.HK,1870,GREEN POWER GP,Main Board,-,"2,500",True
1871.HK,1871,CHINA ORIENTED,Main Board,-,"4,000",True
1872.HK,1872,GUAN CHAO HLDGS,Main Board,-,"5,000",True
1873.HK,1873,VIVA BIOTECH,Main Board,-,500,True
1875.HK,1875,BIODLINK-B,Main Board,-,400,True
1876.HK,1876,BUD APAC,Main Board,-,100,True
1877.HK,1877,JUNSHI BIO,Main Board,-,200,True
1878.HK,1878,SOUTHGOBI,Main Board,-,50,True
1879.HK,1879,XIZHI TECH-P,Main Board,-,15,True
1880.HK,1880,CTG DUTY-FREE,Main Board,-,100,True
1882.HK,1882,HAITIAN INT'L,Main Board,-,"1,000",True
1883.HK,1883,CITIC TELECOM,Main Board,-,"1,000",True
1884.HK,1884,EPRINT GROUP,Main Board,-,"4,000",True
1888.HK,1888,KB LAMINATES,Main Board,-,500,True
1889.HK,1889,SANAI HEALTH GP,Main Board,-,"5,000",True
1890.HK,1890,CHINA KEPEI,Main Board,-,"2,000",True
1891.HK,1891,HENG HUP,Main Board,-,"4,000",True
1894.HK,1894,HANG YICK HLDGS,Main Board,-,"5,000",True
1895.HK,1895,XINYUAN PM,Main Board,-,"1,000",True
1896.HK,1896,MAOYAN ENT,Main Board,-,200,True
1897.HK,1897,MILLIONHOPE IND,Main Board,-,"2,000",True
1898.HK,1898,CHINA COAL,Main Board,-,"1,000",True
1899.HK,1899,XINGDA INT'L,Main Board,-,"1,000",True
1900.HK,1900,CHINA ITS,Main Board,-,"1,000",True
1901.HK,1901,FEIYANG GROUP,Main Board,-,"2,000",True
1903.HK,1903,JBB BUILDERS,Main Board,-,"2,000",True
1905.HK,1905,HAITONG UT,Main Board,-,"2,000",True
1906.HK,1906,BONNY HLDG,Main Board,-,"10,000",True
1907.HK,1907,CHINA RISUN GP,Main Board,-,"1,000",True
1908.HK,1908,C&D INTL GROUP,Main Board,-,"1,000",True
1909.HK,1909,FIRE ROCK,Main Board,-,"2,000",True
1910.HK,1910,SAMSONITE,Main Board,-,300,True
1911.HK,1911,CR HOLDINGS,Main Board,-,100,True
1912.HK,1912,CONTEL,Main Board,-,"5,000",True
1913.HK,1913,PRADA,Main Board,-,100,True
1915.HK,1915,TAIHE M-FIN,Main Board,-,"2,000",True
1916.HK,1916,JIANGXI BANK,Main Board,-,500,True
1917.HK,1917,DOUMOB,Main Board,-,"10,000",True
1918.HK,1918,SUNAC,Main Board,-,"1,000",True
1919.HK,1919,COSCO SHIP HOLD,Main Board,-,500,True
1920.HK,1920,JUNWEA GROUP,Main Board,-,"10,000",True
1921.HK,1921,DALIPAL HLDG,Main Board,-,"2,000",True
1925.HK,1925,KWUNGS AROMA,Main Board,-,"2,000",True
1927.HK,1927,JIUJIUWANG,Main Board,-,"5,000",True
1928.HK,1928,SANDS CHINA LTD,Main Board,-,400,True
1929.HK,1929,CHOW TAI FOOK,Main Board,-,200,True
1930.HK,1930,SHINELONG,Main Board,-,"4,000",True
1931.HK,1931,ETHK LABS INC.,Main Board,-,"1,000",True
1932.HK,1932,CPM GROUP,Main Board,-,"4,000",True
1933.HK,1933,ONEFORCE HLDGS,Main Board,-,"4,000",True
1935.HK,1935,JH EDUCATION,Main Board,-,"2,000",True
1936.HK,1936,RITAMIX,Main Board,-,"2,000",True
1937.HK,1937,JIACHEN HOLDING,Main Board,-,"5,000",True
1938.HK,1938,CHU KONG PIPE,Main Board,-,"1,000",True
1939.HK,1939,SHANGSHAN GOLD,Main Board,-,"2,000",True
1940.HK,1940,CGII HLDGS,Main Board,-,"2,000",True
1941.HK,1941,YE XING GROUP,Main Board,-,"2,000",True
1942.HK,1942,MOG DIGITECH,Main Board,-,"2,000",True
1943.HK,1943,KING'S STONE,Main Board,-,"5,000",True
1945.HK,1945,ZERO2IPO,Main Board,-,400,True
1947.HK,1947,MEIHAO GROUP,Main Board,-,"5,000",True
1948.HK,1948,UJU HOLDING,Main Board,-,"1,000",True
1949.HK,1949,PLATT NERA,Main Board,-,"4,000",True
1950.HK,1950,DIWANG IND H,Main Board,-,"4,000",True
1951.HK,1951,JXR,Main Board,-,500,True
1952.HK,1952,EVEREST MED,Main Board,-,500,True
1953.HK,1953,SFQ GLOBAL,Main Board,-,"5,000",True
1955.HK,1955,JOHNSON HLDGS,Main Board,-,"2,000",True
1956.HK,1956,WENGE AI-50,Main Board,-,50,True
1957.HK,1957,MBV INTL,Main Board,-,"2,500",True
1958.HK,1958,BAIC MOTOR,Main Board,-,500,True
1959.HK,1959,ZHONG JU INVEST,Main Board,-,"2,000",True
1960.HK,1960,TBKS HLDGS,Main Board,-,"5,000",True
1961.HK,1961,INFINITIES TECH,Main Board,-,"2,000",True
1962.HK,1962,EVERGREEN PG,Main Board,-,"2,000",True
1963.HK,1963,BCQ,Main Board,-,500,True
1965.HK,1965,LANDSEA LIFE,Main Board,-,"1,000",True
1966.HK,1966,CHINA SCE GROUP,Main Board,-,"1,000",True
1967.HK,1967,CONFIDENCE IN,Main Board,-,200,True
1968.HK,1968,HINGTEX HLDGS,Main Board,-,"4,000",True
1969.HK,1969,CHINA CHUNLAI,Main Board,-,"1,000",True
1970.HK,1970,IMAX CHINA,Main Board,-,100,True
1971.HK,1971,RSUN SER,Main Board,-,"1,000",True
1972.HK,1972,SWIREPROPERTIES,Main Board,-,200,True
1973.HK,1973,TIAN TU CAPITAL,Main Board,-,400,True
1975.HK,1975,SUN HING PRINT,Main Board,-,"4,000",True
1977.HK,1977,ANALOGUE HLDGS,Main Board,-,"2,000",True
1978.HK,1978,LH GROUP,Main Board,-,"2,000",True
1979.HK,1979,TEN PAO GROUP,Main Board,-,"4,000",True
1980.HK,1980,TIANGE,Main Board,-,"1,000",True
1981.HK,1981,CATHAY GP HLDGS,Main Board,-,"1,000",True
1982.HK,1982,NAMESON HLDGS,Main Board,-,"2,000",True
1983.HK,1983,LUZHOU BANK,Main Board,-,"1,000",True
1985.HK,1985,MICROWARE,Main Board,-,"2,000",True
1986.HK,1986,TSAKER NE,Main Board,-,500,True
1987.HK,1987,BENG SOON MACH,Main Board,-,"4,000",True
1988.HK,1988,MINSHENG BANK,Main Board,-,500,True
1989.HK,1989,DELTON,Main Board,-,100,True
1991.HK,1991,TA YANG GROUP,Main Board,-,"10,000",True
1993.HK,1993,ASIARAY,Main Board,-,500,True
1995.HK,1995,ES SERVICES,Main Board,-,"2,000",True
1996.HK,1996,RSUN PPT,Main Board,-,"1,000",True
1997.HK,1997,WHARF REIC,Main Board,-,"1,000",True
1999.HK,1999,MAN WAH HLDGS,Main Board,-,400,True
2000.HK,2000,SIM TECH,Main Board,-,"2,000",True
2001.HK,2001,NEW HIGHER EDU,Main Board,-,"1,000",True
2002.HK,2002,SUNSHINE PAPER,Main Board,-,"2,000",True
2003.HK,2003,VCREDIT,Main Board,-,200,True
2005.HK,2005,SSY GROUP,Main Board,-,"2,000",True
2007.HK,2007,COUNTRY GARDEN,Main Board,-,"1,000",True
2008.HK,2008,PHOENIX TV,Main Board,-,"1,000",True
2009.HK,2009,BBMG,Main Board,-,"1,000",True
2011.HK,2011,GILSTON GROUP,Main Board,-,"2,000",True
2012.HK,2012,SUNSHINE OIL,Main Board,-,"1,000",True
2013.HK,2013,WEIMOB INC,Main Board,-,"1,000",True
2015.HK,2015,LI AUTO-W,Main Board,-,100,True
2016.HK,2016,CZBANK,Main Board,-,"1,000",True
2017.HK,2017,CHANHIGH,Main Board,-,"2,000",True
2018.HK,2018,AAC TECH,Main Board,-,500,True
2020.HK,2020,ANTA SPORTS,Main Board,-,200,True
2022.HK,2022,DIGIT HOLLYWOOD,Main Board,-,"4,000",True
2023.HK,2023,CHINA LUDAO,Main Board,-,"4,000",True
2025.HK,2025,RUIFENG POWER,Main Board,-,"2,000",True
2026.HK,2026,PONY-W,Main Board,-,100,True
2028.HK,2028,JOLIMARK,Main Board,-,"2,000",True
2030.HK,2030,CABBEEN,Main Board,-,"1,000",True
2031.HK,2031,AUSUPREME,Main Board,-,"5,000",True
2033.HK,2033,TIME WATCH,Main Board,-,"2,000",True
2038.HK,2038,FIH,Main Board,-,"1,000",True
2039.HK,2039,CIMC,Main Board,-,100,True
2041.HK,2041,MEDCAPTAIN,Main Board,-,100,True
2048.HK,2048,E-HOUSE ENT,Main Board,-,300,True
2050.HK,2050,SANHUA,Main Board,-,100,True
2051.HK,2051,VALA,Main Board,-,"10,000",True
2057.HK,2057,ZTO EXPRESS-W,Main Board,-,50,True
2068.HK,2068,CHALIECO,Main Board,-,"1,000",True
2076.HK,2076,BOSS ZHIPIN-W,Main Board,-,100,True
2078.HK,2078,PANASIALUM,Main Board,-,"1,000",True
2080.HK,2080,AUX INTL,Main Board,-,"2,000",True
2086.HK,2086,LEADWAY TECH,Main Board,-,"1,000",True
2088.HK,2088,XIWANG PROPERTY,Main Board,-,"2,000",True
2096.HK,2096,SIMCERE PHARMA,Main Board,-,"1,000",True
2097.HK,2097,MIXUE GROUP,Main Board,-,100,True
2098.HK,2098,ZALL SMARTCOM,Main Board,-,"1,000",True
2099.HK,2099,CHINAGOLDINTL,Main Board,-,100,True
2100.HK,2100,BAIOO,Main Board,-,"2,000",True
2101.HK,2101,FULU HOLDINGS,Main Board,-,500,True
2102.HK,2102,TAK LEE MACH,Main Board,-,"10,000",True
2105.HK,2105,LAEKNA-B,Main Board,-,500,True
2107.HK,2107,FIRST SERVICE,Main Board,-,"2,500",True
2108.HK,2108,K2 F&B,Main Board,-,"4,000",True
2110.HK,2110,TIAN CHENG-NEW,Main Board,-,"2,000",True
2111.HK,2111,BEST PACIFIC,Main Board,-,"2,000",True
2112.HK,2112,GRACE LIFE-TECH,Main Board,-,"2,000",True
2113.HK,2113,CENTURY GP-NEW,Main Board,-,"1,000",True
2116.HK,2116,JS INNOV,Main Board,-,"2,000",True
2119.HK,2119,TSIT WING INTL,Main Board,-,"2,000",True
2120.HK,2120,KN HOSPITAL,Main Board,-,100,True
2121.HK,2121,AINNOVATION,Main Board,-,100,True
2122.HK,2122,KIDSLAND INTL,Main Board,-,"2,000",True
2125.HK,2125,STRAWBEAR ENT,Main Board,-,"1,000",True
2126.HK,2126,JW THERAP-B,Main Board,-,500,True
2127.HK,2127,HUISEN SHARES,Main Board,-,"2,000",True
2128.HK,2128,CHINA LESSO,Main Board,-,"1,000",True
2129.HK,2129,LEGION CONSO,Main Board,-,"5,000",True
2130.HK,2130,CN LOGISTICS,Main Board,-,"1,000",True
2131.HK,2131,NETJOY,Main Board,-,"1,000",True
2132.HK,2132,LANDRICH HLDG,Main Board,-,"8,000",True
2135.HK,2135,RAILY AESMED,Main Board,-,"10,000",True
2136.HK,2136,LIFESTYLE CHI,Main Board,-,500,True
2137.HK,2137,BRII-B,Main Board,-,500,True
2138.HK,2138,EC HEALTHCARE,Main Board,-,"1,000",True
2139.HK,2139,BANK OF GANSU,Main Board,-,"1,000",True
2142.HK,2142,HBM HOLDINGS-B,Main Board,-,"1,000",True
2145.HK,2145,CHICMAX,Main Board,-,100,True
2146.HK,2146,ROISERV,Main Board,-,500,True
2147.HK,2147,ZHENGWEI GROUP,Main Board,-,"4,000",True
2149.HK,2149,BATELAB,Main Board,-,100,True
2150.HK,2150,NAYUKI,Main Board,-,500,True
2152.HK,2152,SUXIN SERVICES,Main Board,-,500,True
2153.HK,2153,TAT HONG EQUIP,Main Board,-,"2,000",True
2155.HK,2155,MORIMATSU INTL,Main Board,-,"1,000",True
2156.HK,2156,C&D PROPERTY,Main Board,-,"1,000",True
2157.HK,2157,LEPU BIO,Main Board,-,"1,000",True
2158.HK,2158,YIDU TECH,Main Board,-,100,True
2159.HK,2159,MEDIWELCOME,Main Board,-,"8,000",True
2160.HK,2160,MP CARDIOFLOW-B,Main Board,-,"1,000",True
2161.HK,2161,JBM HEALTHCARE,Main Board,-,"2,000",True
2162.HK,2162,KEYMED BIO-B,Main Board,-,500,True
2163.HK,2163,BROAD HOMES,Main Board,-,300,True
2165.HK,2165,LING YUE SER GP,Main Board,-,"1,000",True
2166.HK,2166,SMART-CORE,Main Board,-,"2,000",True
2167.HK,2167,TI CLOUD,Main Board,-,200,True
2168.HK,2168,KAISA PROSPER,Main Board,-,250,True
2169.HK,2169,CANGGANGRAILWAY,Main Board,-,"2,000",True
2170.HK,2170,BASECARE-B,Main Board,-,500,True
2171.HK,2171,CARSGEN-B,Main Board,-,500,True
2172.HK,2172,MICROPORT NEURO,Main Board,-,"1,000",True
2175.HK,2175,CH GENERAL EDU,Main Board,-,"1,000",True
2176.HK,2176,CCID CONSULTING,Main Board,-,"10,000",True
2177.HK,2177,UNQ HOLDINGS,Main Board,-,200,True
2178.HK,2178,PETRO-KING,Main Board,-,"1,000",True
2179.HK,2179,RECBIO-B,Main Board,-,500,True
2180.HK,2180,MANPOWER GRC,Main Board,-,250,True
2181.HK,2181,MABPHARM-B,Main Board,-,"2,000",True
2182.HK,2182,TIAN CHANG GP,Main Board,-,"4,000",True
2185.HK,2185,BIOHEART-B,Main Board,-,100,True
2186.HK,2186,LUYE PHARMA,Main Board,-,500,True
2187.HK,2187,ZHIXIN GP HLDG,Main Board,-,"2,000",True
2188.HK,2188,TITANS ENERGY,Main Board,-,"2,000",True
2189.HK,2189,KATO (HK) HLDGS,Main Board,-,"4,000",True
2190.HK,2190,ZYLOXTB,Main Board,-,500,True
2192.HK,2192,MEDLIVE,Main Board,-,500,True
2193.HK,2193,MAN KING HOLD,Main Board,-,"4,000",True
2195.HK,2195,UNITY ENT,Main Board,-,"10,000",True
2196.HK,2196,FOSUN PHARMA,Main Board,-,500,True
2197.HK,2197,CLOVER BIO-B,Main Board,-,500,True
2198.HK,2198,CHINA SANJIANG,Main Board,-,"1,000",True
2199.HK,2199,REGINA MIRACLE,Main Board,-,"1,000",True
2202.HK,2202,CHINA VANKE,Main Board,-,100,True
2203.HK,2203,BRAINHOLE TECH,Main Board,-,"10,000",True
2205.HK,2205,KANGQIAO SER,Main Board,-,"1,000",True
2208.HK,2208,GOLDWIND,Main Board,-,200,True
2209.HK,2209,YESASIA HLDGS,Main Board,-,"1,000",True
2210.HK,2210,BEIJING JIAYE,Main Board,-,400,True
2211.HK,2211,UNI HEALTH,Main Board,-,"5,000",True
2212.HK,2212,FB MINING,Main Board,-,"10,000",True
2215.HK,2215,DEXIN SER GROUP,Main Board,-,"1,000",True
2216.HK,2216,BRONCUS-B,Main Board,-,500,True
2218.HK,2218,ANDRE JUICE,Main Board,-,500,True
2219.HK,2219,CHAOJU EYE CARE,Main Board,-,500,True
2221.HK,2221,NEW CONCEPTS,Main Board,-,"4,000",True
2222.HK,2222,NVC INTL,Main Board,-,"10,000",True
2223.HK,2223,CASABLANCA,Main Board,-,"2,000",True
2225.HK,2225,JINHAI MED TECH,Main Board,-,"5,000",True
2226.HK,2226,HONWORLD GP,Main Board,-,500,True
2227.HK,2227,SOLIS HOLDINGS,Main Board,-,"4,000",True
2228.HK,2228,XTALPI,Main Board,-,"1,000",True
2230.HK,2230,MEDIALINK GROUP,Main Board,-,"5,000",True
2231.HK,2231,JY GRANDMARK,Main Board,-,"1,000",True
2232.HK,2232,CRYSTAL INTL,Main Board,-,500,True
2233.HK,2233,WESTCHINACEMENT,Main Board,-,"2,000",True
2235.HK,2235,MICROTECH MED-B,Main Board,-,100,True
2236.HK,2236,WISON ENGRG,Main Board,-,"1,000",True
2237.HK,2237,CHINA GRAPHITE,Main Board,-,"10,000",True
2238.HK,2238,GAC GROUP,Main Board,-,"2,000",True
2239.HK,2239,SMIT,Main Board,-,"1,000",True
2245.HK,2245,LYGEND RESOURCE,Main Board,-,200,True
2246.HK,2246,GOGOX,Main Board,-,"2,000",True
2249.HK,2249,NEXCHIP,Main Board,-,100,True
2250.HK,2250,B.DUCK SEMK,Main Board,-,"1,000",True
2251.HK,2251,AIRDOC-B,Main Board,-,100,True
2252.HK,2252,MEDBOT-B,Main Board,-,500,True
2255.HK,2255,HAICHANG HLDG,Main Board,-,"1,000",True
2256.HK,2256,ABBISKO-B,Main Board,-,"1,000",True
2257.HK,2257,SIRNAOMICS-B,Main Board,-,50,True
2258.HK,2258,WATTS INT'L,Main Board,-,"2,000",True
2259.HK,2259,ZIJIN GOLD INTL,Main Board,-,100,True
2260.HK,2260,VANOV HOLDINGS,Main Board,-,"2,000",True
2261.HK,2261,NASN TECH,Main Board,-,100,True
2262.HK,2262,SLD GROUP,Main Board,-,"3,000",True
2263.HK,2263,FU SHEK FIN,Main Board,-,"10,000",True
2265.HK,2265,HC ENV TECH,Main Board,-,"5,000",True
2266.HK,2266,LAI SI ENT,Main Board,-,"2,000",True
2268.HK,2268,WUXI XDC,Main Board,-,500,True
2269.HK,2269,WUXI BIO,Main Board,-,500,True
2270.HK,2270,DESUN SERVICES,Main Board,-,"2,000",True
2271.HK,2271,ZHONGAN SERVICE,Main Board,-,"2,000",True
2272.HK,2272,KEYTOP PARKING,Main Board,-,60,True
2273.HK,2273,GUSHENGTANG,Main Board,-,100,True
2276.HK,2276,CONANT OPTICAL,Main Board,-,100,True
2279.HK,2279,YONGHE MEDICAL,Main Board,-,500,True
2280.HK,2280,HC GROUP,Main Board,-,500,True
2281.HK,2281,XINGLU WATER,Main Board,-,"1,000",True
2282.HK,2282,MGM CHINA,Main Board,-,400,True
2283.HK,2283,TK GROUP HLDG,Main Board,-,"2,000",True
2285.HK,2285,CHERVON,Main Board,-,100,True
2286.HK,2286,CHEN XING,Main Board,-,"1,000",True
2288.HK,2288,RYKADAN CAPITAL,Main Board,-,"1,000",True
2289.HK,2289,CHARMACY PHAR,Main Board,-,500,True
2290.HK,2290,LUNG FUNG GROUP,Main Board,-,500,True
2291.HK,2291,SCIENTECH,Main Board,-,"1,000",True
2293.HK,2293,BAMBOOSHEALTH,Main Board,-,"4,000",True
2295.HK,2295,MAXICITY,Main Board,-,"5,000",True
2297.HK,2297,RAINMED-B,Main Board,-,"1,000",True
2298.HK,2298,COSMO LADY,Main Board,-,"1,000",True
2299.HK,2299,BILLION IND,Main Board,-,"2,000",True
2302.HK,2302,CNNC INT'L,Main Board,-,"1,000",True
2306.HK,2306,YH ENT,Main Board,-,"3,000",True
2307.HK,2307,KAM HING INT'L,Main Board,-,"2,000",True
2309.HK,2309,ZO FUTURE GROUP,Main Board,-,"2,000",True
2310.HK,2310,TIMES UNI GP,Main Board,-,"2,000",True
2313.HK,2313,SHENZHOU INTL,Main Board,-,100,True
2314.HK,2314,LEE & MAN PAPER,Main Board,-,"1,000",True
2315.HK,2315,BIOCYTOGEN-B,Main Board,-,500,True
2317.HK,2317,VEDAN INT'L,Main Board,-,"4,000",True
2318.HK,2318,PING AN,Main Board,-,500,True
2319.HK,2319,MENGNIU DAIRY,Main Board,-,"1,000",True
2320.HK,2320,HOP FUNG GROUP,Main Board,-,"2,000",True
2321.HK,2321,SWANGCHAICHUAN,Main Board,-,"5,000",True
2322.HK,2322,MODERN INNO DT,Main Board,-,"8,000",True
2325.HK,2325,YUNKANG GROUP,Main Board,-,"3,000",True
2326.HK,2326,NPE HOLDINGS,Main Board,-,"10,000",True
2327.HK,2327,MEILLEUREHEALTH,Main Board,-,"6,000",True
2328.HK,2328,PICC P&C,Main Board,-,"2,000",True
2329.HK,2329,GLORY HEALTH,Main Board,-,"1,000",True
2330.HK,2330,CHINA UPTOWN,Main Board,-,"8,000",True
2331.HK,2331,LI NING,Main Board,-,500,True
2333.HK,2333,GWMOTOR,Main Board,-,500,True
2335.HK,2335,MICOT PHARMA-B,Main Board,-,200,True
2336.HK,2336,SHUOAO INTL,Main Board,-,"10,000",True
2337.HK,2337,UNITED STRENGTH,Main Board,-,"1,000",True
2338.HK,2338,WEICHAI POWER,Main Board,-,"1,000",True
2339.HK,2339,BWI INT'L,Main Board,-,"2,000",True
2340.HK,2340,ISP HOLDINGS,Main Board,-,"4,000",True
2342.HK,2342,COMBA,Main Board,-,"2,000",True
2343.HK,2343,PACIFIC BASIN,Main Board,-,"1,000",True
2347.HK,2347,YOHO GROUP,Main Board,-,"2,000",True
2348.HK,2348,DAWNRAYS PHARMA,Main Board,-,"4,000",True
2349.HK,2349,CHINA AI INFRA,Main Board,-,"4,000",True
2350.HK,2350,MTT GROUP,Main Board,-,"5,000",True
2352.HK,2352,DOWELL SERVICE,Main Board,-,200,True
2355.HK,2355,BAOYE GROUP,Main Board,-,"2,000",True
2356.HK,2356,DAHSING BANKING,Main Board,-,400,True
2357.HK,2357,AVICHINA,Main Board,-,"1,000",True
2358.HK,2358,JIU RONG HOLD,Main Board,-,"10,000",True
2359.HK,2359,WUXI APPTEC,Main Board,-,100,True
2360.HK,2360,BEST MART 360,Main Board,-,"2,000",True
2361.HK,2361,SINOHEALTH TECH,Main Board,-,500,True
2362.HK,2362,JINCHUAN INTL,Main Board,-,"1,000",True
2363.HK,2363,TONGDA HONG TAI,Main Board,-,"5,000",True
2367.HK,2367,GIANT BIOGENE,Main Board,-,200,True
2368.HK,2368,EAGLE NICE,Main Board,-,"2,000",True
2369.HK,2369,COOLPAD GROUP,Main Board,-,"4,000",True
2370.HK,2370,REDCO HEALTHY,Main Board,-,500,True
2371.HK,2371,CHUANGLIAN HOLD,Main Board,-,"8,000",True
2372.HK,2372,WEILI HOLDINGS,Main Board,-,"4,000",True
2373.HK,2373,BEAUTYFARM MED,Main Board,-,500,True
2376.HK,2376,LUSHANGSERVICES,Main Board,-,500,True
2377.HK,2377,BOQI ENV,Main Board,-,"1,000",True
2378.HK,2378,PRU,Main Board,-,50,True
2380.HK,2380,CHINA POWER,Main Board,-,"1,000",True
2381.HK,2381,SMC ELECTRIC,Main Board,-,"10,000",True
2382.HK,2382,SUNNY OPTICAL,Main Board,-,100,True
2383.HK,2383,TOM GROUP,Main Board,-,"2,000",True
2385.HK,2385,READBOY,Main Board,-,400,True
2386.HK,2386,SINOPEC SEG,Main Board,-,500,True
2388.HK,2388,BOC HONG KONG,Main Board,-,500,True
2389.HK,2389,BJ HEALTH,Main Board,-,"6,000",True
2390.HK,2390,ZHIHU-W,Main Board,-,100,True
2391.HK,2391,TUYA-W,Main Board,-,200,True
2392.HK,2392,XUANWU CLOUD,Main Board,-,500,True
2393.HK,2393,YESTAR HEALTH,Main Board,-,"2,500",True
2396.HK,2396,B&K CORP-B,Main Board,-,200,True
2399.HK,2399,CN ANCHU ENERGY,Main Board,-,"1,000",True
2400.HK,2400,XD INC,Main Board,-,200,True
2402.HK,2402,SINOHYTEC,Main Board,-,50,True
2405.HK,2405,POWERWIN TECH,Main Board,-,"4,000",True
2407.HK,2407,GAUSH MEDITECH,Main Board,-,100,True
2408.HK,2408,XIAO NOODLES,Main Board,-,500,True
2409.HK,2409,SEACON,Main Board,-,"1,000",True
2410.HK,2410,TYK MEDICINES-B,Main Board,-,500,True
2411.HK,2411,PAGODA GP,Main Board,-,500,True
2415.HK,2415,MEDSCI,Main Board,-,250,True
2416.HK,2416,EDIANYUN,Main Board,-,500,True
2418.HK,2418,DEEWIN,Main Board,-,"1,500",True
2419.HK,2419,DEKON AGR,Main Board,-,100,True
2420.HK,2420,ZIBUYU,Main Board,-,500,True
2421.HK,2421,KRP DEVELOPMENT,Main Board,-,"2,000",True
2422.HK,2422,REGO INTERACT,Main Board,-,"4,000",True
2423.HK,2423,BEKE-W,Main Board,-,100,True
2425.HK,2425,AUSTASIA GROUP,Main Board,-,"1,000",True
2427.HK,2427,GUANZE MEDICAL,Main Board,-,"5,000",True
2429.HK,2429,UBOX ONLINE,Main Board,-,500,True
2431.HK,2431,MINIEYE,Main Board,-,200,True
2432.HK,2432,DOBOT,Main Board,-,200,True
2433.HK,2433,ZT HN GROUP,Main Board,-,"2,000",True
2436.HK,2436,LX TECHNOLOGY,Main Board,-,300,True
2438.HK,2438,MOBVOI,Main Board,-,"1,000",True
2439.HK,2439,CH TREASURES NM,Main Board,-,"2,000",True
2440.HK,2440,MEMESTRATEGY,Main Board,-,"1,000",True
2442.HK,2442,EASY SMART GP,Main Board,-,"2,000",True
2443.HK,2443,AUTOSTREETS,Main Board,-,200,True
2450.HK,2450,HUAIBEI GD CO,Main Board,-,"1,500",True
2451.HK,2451,LUYUAN GP HLDG,Main Board,-,500,True
2453.HK,2453,CONCORD HC GP,Main Board,-,200,True
2455.HK,2455,RUNHUA SERVICE,Main Board,-,"2,000",True
2457.HK,2457,BUYANG INTL,Main Board,-,"5,000",True
2458.HK,2458,GALA TECH HOLD,Main Board,-,400,True
2459.HK,2459,SANERGY GROUP,Main Board,-,"10,000",True
2460.HK,2460,CR BEVERAGE,Main Board,-,200,True
2465.HK,2465,LOPAL TECH,Main Board,-,500,True
2469.HK,2469,FENBI,Main Board,-,500,True
2473.HK,2473,XXF,Main Board,-,"2,500",True
2475.HK,2475,LUXSHARE ICT,Main Board,-,100,True
2476.HK,2476,VGT,Main Board,-,100,True
2477.HK,2477,WELLCELL HOLD,Main Board,-,800,True
2479.HK,2479,TIANJUDIHE,Main Board,-,50,True
2480.HK,2480,LUZHU BIOTECH-B,Main Board,-,200,True
2481.HK,2481,SL GEMINI,Main Board,-,"1,000",True
2482.HK,2482,LOGORY,Main Board,-,"1,000",True
2483.HK,2483,K CASH,Main Board,-,"2,000",True
2486.HK,2486,PLUS GP HOLDING,Main Board,-,200,True
2487.HK,2487,CUTIA-B,Main Board,-,200,True
2488.HK,2488,LAUNCH TECH,Main Board,-,500,True
2489.HK,2489,PERSISTENCEGOLD,Main Board,-,"5,000",True
2490.HK,2490,LC HOLDING,Main Board,-,300,True
2493.HK,2493,MABWELL-B,Main Board,-,200,True
2495.HK,2495,VOICECOMM,Main Board,-,20,True
2496.HK,2496,YZYBIO-B,Main Board,-,200,True
2497.HK,2497,FUJING HOLDINGS,Main Board,-,"2,000",True
2498.HK,2498,ROBOSENSE,Main Board,-,100,True
2499.HK,2499,FOLANGSI,Main Board,-,200,True
2500.HK,2500,VENUS MEDTECH-B,Main Board,-,500,True
2501.HK,2501,MAIYUE TECH,Main Board,-,"2,000",True
2502.HK,2502,JINYUAN HCHEM,Main Board,-,"2,000",True
2503.HK,2503,ZHONGSHENJIANYE,Main Board,-,"4,000",True
2505.HK,2505,EDA GROUP HLDGS,Main Board,-,"1,000",True
2506.HK,2506,XUNFEIHEALTH,Main Board,-,50,True
2507.HK,2507,CIRRUS,Main Board,-,100,True
2508.HK,2508,SAINT BELLA GP,Main Board,-,500,True
2509.HK,2509,QYUNS-B,Main Board,-,200,True
2510.HK,2510,TS LINES,Main Board,-,"1,000",True
2511.HK,2511,HIGHTIDE-B,Main Board,-,500,True
2512.HK,2512,CLOUD FACTORY,Main Board,-,"1,000",True
2513.HK,2513,Z.AI,Main Board,-,100,True
2515.HK,2515,TJCD,Main Board,-,"2,000",True
2516.HK,2516,FAR INTL,Main Board,-,"4,000",True
2517.HK,2517,GUOQUAN,Main Board,-,400,True
2518.HK,2518,AUTOHOME-S,Main Board,-,100,True
2519.HK,2519,AUGROUP,Main Board,-,300,True
2520.HK,2520,SHANXI INSTALL,Main Board,-,"2,000",True
2521.HK,2521,SHENGHUI CLEAN,Main Board,-,"7,500",True
2522.HK,2522,RIMAG GROUP,Main Board,-,500,True
2525.HK,2525,HESAI-W,Main Board,-,100,True
2526.HK,2526,DIAGENS-B,Main Board,-,50,True
2528.HK,2528,FW FASHION INT,Main Board,-,"2,000",True
2529.HK,2529,HOLLWIN URBAN,Main Board,-,"1,000",True
2530.HK,2530,NUMANS,Main Board,-,"8,000",True
2531.HK,2531,CARLINK TECH,Main Board,-,500,True
2533.HK,2533,BLACK SESAME,Main Board,-,100,True
2535.HK,2535,WK GROUP,Main Board,-,"10,000",True
2536.HK,2536,PALASINO,Main Board,-,"1,000",True
2539.HK,2539,LEMO SERVICES,Main Board,-,100,True
2540.HK,2540,LESI GROUP,Main Board,-,"2,500",True
2543.HK,2543,DAHON TECH,Main Board,-,100,True
2545.HK,2545,ZHONGGAN COMM,Main Board,-,"2,000",True
2546.HK,2546,ZHIHUI MINING,Main Board,-,"1,000",True
2549.HK,2549,CAROTE LTD,Main Board,-,500,True
2550.HK,2550,EASOU TECH,Main Board,-,500,True
2551.HK,2551,APT ELECTRONICS,Main Board,-,"1,000",True
2552.HK,2552,HUA MEDICINE-B,Main Board,-,500,True
2553.HK,2553,SHOUGANG LANZA,Main Board,-,200,True
2555.HK,2555,CHABAIDAO,Main Board,-,200,True
2556.HK,2556,MARKETINGFORCE,Main Board,-,100,True
2558.HK,2558,JINSHANG BANK,Main Board,-,"1,000",True
2559.HK,2559,DIDA INC-PF,Main Board,-,500,True
2560.HK,2560,CONCH MAT TECH,Main Board,-,"1,000",True
2561.HK,2561,VISEN PHARMA-B,Main Board,-,100,True
2562.HK,2562,SYNAGISTICS,Main Board,-,500,True
2563.HK,2563,BIOSTAR PHARM-B,Main Board,-,200,True
2565.HK,2565,PEGBIO CO-B,Main Board,-,50,True
2566.HK,2566,JIUYUAN GENE,Main Board,-,200,True
2567.HK,2567,QINIU,Main Board,-,"1,000",True
2569.HK,2569,SOFT INTL,Main Board,-,"5,000",True
2570.HK,2570,REFIRE,Main Board,-,20,True
2571.HK,2571,SAIMO,Main Board,-,200,True
2573.HK,2573,NEWTREND GROUP,Main Board,-,200,True
2575.HK,2575,XUANZHUBIO-B,Main Board,-,500,True
2576.HK,2576,TAIMEI TECH,Main Board,-,200,True
2577.HK,2577,INNOSCIENCE,Main Board,-,100,True
2579.HK,2579,CNGR,Main Board,-,200,True
2580.HK,2580,AUX ELECTRIC,Main Board,-,200,True
2581.HK,2581,BENQ HOLDING,Main Board,-,500,True
2582.HK,2582,GUOFUHEE,Main Board,-,50,True
2583.HK,2583,HIPINE,Main Board,-,100,True
2585.HK,2585,MOKINGRAN,Main Board,-,200,True
2586.HK,2586,DMALL,Main Board,-,100,True
2587.HK,2587,HEALTHYWAY INC,Main Board,-,500,True
2588.HK,2588,BOC AVIATION,Main Board,-,100,True
2589.HK,2589,AUNTEA JENNY,Main Board,-,30,True
2590.HK,2590,GEEKPLUS-W,Main Board,-,200,True
2591.HK,2591,INNOGEN-B,Main Board,-,200,True
2592.HK,2592,CLOUDBREAK-B,Main Board,-,500,True
2593.HK,2593,HERBS GROUP,Main Board,-,800,True
2595.HK,2595,GENFLEET-B,Main Board,-,200,True
2596.HK,2596,YIBIN BANK,Main Board,-,"1,000",True
2597.HK,2597,XUNZHONG,Main Board,-,500,True
2598.HK,2598,LIANLIAN,Main Board,-,500,True
2600.HK,2600,CHALCO,Main Board,-,"2,000",True
2601.HK,2601,CPIC,Main Board,-,200,True
2602.HK,2602,ONEWO,Main Board,-,100,True
2603.HK,2603,JIHONG CO,Main Board,-,500,True
2605.HK,2605,METALIGHT,Main Board,-,400,True
2607.HK,2607,SH PHARMA,Main Board,-,100,True
2608.HK,2608,SUNSHINE 100,Main Board,-,"1,000",True
2609.HK,2609,BAYZED HEALTH,Main Board,-,600,True
2610.HK,2610,NANSHAN AL INTL,Main Board,-,100,True
2611.HK,2611,GTHT,Main Board,-,200,True
2613.HK,2613,CONTIOCEAN,Main Board,-,100,True
2616.HK,2616,CSTONE PHARMA-B,Main Board,-,500,True
2617.HK,2617,TRANSTHERA-B,Main Board,-,500,True
2618.HK,2618,JD LOGISTICS,Main Board,-,100,True
2619.HK,2619,XJ ELECTRICS,Main Board,-,"1,000",True
2621.HK,2621,SHOUHUI GROUP,Main Board,-,400,True
2623.HK,2623,HK GOLD IND GP,Main Board,-,500,True
2625.HK,2625,JIANGSU HORIZON,Main Board,-,"1,000",True
2627.HK,2627,AB&B BIO-TECH-B,Main Board,-,200,True
2628.HK,2628,CHINA LIFE,Main Board,-,"1,000",True
2629.HK,2629,MIRXES-B,Main Board,-,100,True
2630.HK,2630,VIGONVITA-B,Main Board,-,200,True
2631.HK,2631,SICC,Main Board,-,100,True
2632.HK,2632,NEW VISION CO,Main Board,-,50,True
2633.HK,2633,JACOBSON PHARMA,Main Board,-,"2,000",True
2635.HK,2635,NUOBIKAN,Main Board,-,100,True
2637.HK,2637,HAIXI PHARMA,Main Board,-,50,True
2638.HK,2638,HKELECTRIC-SS,Main Board,-,500,True
2643.HK,2643,CAOCAO INC,Main Board,-,100,True
2648.HK,2648,ANJOY FOOD,Main Board,-,100,True
2649.HK,2649,ALSCO POOLING,Main Board,-,500,True
2650.HK,2650,ZHIDA TECH,Main Board,-,50,True
2651.HK,2651,DAZHONG DENTAL,Main Board,-,100,True
2652.HK,2652,CF PHARMTECH,Main Board,-,100,True
2655.HK,2655,GUOXIA TECH,Main Board,-,100,True
2656.HK,2656,160 HEALTH,Main Board,-,250,True
2657.HK,2657,FOREST CABIN,Main Board,-,50,True
2658.HK,2658,TIANYU SEMI,Main Board,-,50,True
2659.HK,2659,BAO PHARMA-B,Main Board,-,100,True
2660.HK,2660,ZENGAME,Main Board,-,"2,000",True
2661.HK,2661,QINGSONG HEALTH,Main Board,-,200,True
2663.HK,2663,KPA-BM HLDGS,Main Board,-,"10,000",True
2665.HK,2665,SEYOND,Main Board,-,500,True
2666.HK,2666,UNI MEDICAL,Main Board,-,500,True
2667.HK,2667,TONGRENTANGCARE,Main Board,-,500,True
2668.HK,2668,PAK TAK INT'L,Main Board,-,"10,000",True
2669.HK,2669,CHINA OVS PPT,Main Board,-,"5,000",True
2670.HK,2670,YUNJI,Main Board,-,100,True
2671.HK,2671,USAS BUILDING,Main Board,-,300,True
2672.HK,2672,BAIGE DIGITAL,Main Board,-,200,True
2675.HK,2675,EDGE MEDICAL-B,Main Board,-,100,True
2676.HK,2676,NOVOSENSE,Main Board,-,100,True
2677.HK,2677,DISTINCT HEALTH,Main Board,-,50,True
2678.HK,2678,TEXHONG INTL GP,Main Board,-,500,True
2680.HK,2680,AUSTRAX HLDGS,Main Board,-,"2,000",True
2682.HK,2682,YUN LEE MARINE,Main Board,-,"4,000",True
2683.HK,2683,WAHSUN HANDBAGS,Main Board,-,"2,000",True
2685.HK,2685,QUANTGROUP,Main Board,-,500,True
2687.HK,2687,ABLE DIGI-50,Main Board,-,50,True
2688.HK,2688,ENN ENERGY,Main Board,-,100,True
2689.HK,2689,ND PAPER,Main Board,-,"1,000",True
2691.HK,2691,NANHUA FUTURES,Main Board,-,500,True
2692.HK,2692,ZHAOWEI,Main Board,-,100,True
2693.HK,2693,JINYAN KAOLIN,Main Board,-,500,True
2695.HK,2695,IMPRESSION DHP,Main Board,-,"1,000",True
2696.HK,2696,HENLIUS,Main Board,-,100,True
2697.HK,2697,TH MEDICAL-B,Main Board,-,20,True
2698.HK,2698,SOFTCARE,Main Board,-,200,True
2699.HK,2699,XINMING CHINA,Main Board,-,"2,000",True
2700.HK,2700,GREEN INTL HLDG,Main Board,-,"20,000",True
2701.HK,2701,NSING TECH,Main Board,-,200,True
2706.HK,2706,HAIZHI TECH GP,Main Board,-,200,True
2714.HK,2714,MUYUAN,Main Board,-,100,True
2715.HK,2715,ESTUN,Main Board,-,200,True
2718.HK,2718,MININGLAMP-W,Main Board,-,40,True
2720.HK,2720,RIDGE OUTDOOR,Main Board,-,500,True
2722.HK,2722,CHONGQING M&E,Main Board,-,"2,000",True
2723.HK,2723,DEEPZERO,Main Board,-,100,True
2726.HK,2726,EPIWORLD,Main Board,-,50,True
2727.HK,2727,SH ELECTRIC,Main Board,-,"2,000",True
2728.HK,2728,JINTAI ENGY-NEW,Main Board,-,"5,000",True
2729.HK,2729,GALAXIS TECH,Main Board,-,200,True
2738.HK,2738,HUAJIN INTL,Main Board,-,"2,000",True
2768.HK,2768,GON TECHNOLOGY,Main Board,-,200,True
2772.HK,2772,ZHONGLIANG HLDG,Main Board,-,500,True
2777.HK,2777,R&F PROPERTIES,Main Board,-,400,True
2779.HK,2779,CH XINHUA EDU,Main Board,-,"1,000",True
2788.HK,2788,CHUANGXIN IND,Main Board,-,500,True
2789.HK,2789,YUANDA CHINA,Main Board,-,"2,000",True
2797.HK,2797,QIYUNSHAN FOOD,Main Board,-,500,True
2798.HK,2798,PER ENERGY,Main Board,-,"5,000",True
2799.HK,2799,CITIC FAMC,Main Board,-,"1,000",True
2858.HK,2858,YIXIN,Main Board,-,500,True
2863.HK,2863,GOLDEN FAITH GP,Main Board,-,"3,000",True
2865.HK,2865,DRINDA,Main Board,-,100,True
2866.HK,2866,COSCO SHIP DEV,Main Board,-,"1,000",True
2869.HK,2869,GREENTOWN SER,Main Board,-,"2,000",True
2877.HK,2877,SHINEWAY PHARM,Main Board,-,"1,000",True
2878.HK,2878,SOLOMON SYSTECH,Main Board,-,"2,000",True
2880.HK,2880,LIAONING PORT,Main Board,-,"2,000",True
2881.HK,2881,WUHAN YOUJI,Main Board,-,500,True
2882.HK,2882,3DG HOLDINGS,Main Board,-,"5,000",True
2883.HK,2883,CHINA OILFIELD,Main Board,-,"2,000",True
2885.HK,2885,PEIPORT HOLD,Main Board,-,"2,000",True
2886.HK,2886,BINHAI INV,Main Board,-,"2,000",True
2888.HK,2888,STANCHART,Main Board,-,50,True
2889.HK,2889,PATEO,Main Board,-,20,True
2892.HK,2892,MILLION CITIES,Main Board,-,"2,000",True
2898.HK,2898,SUNHO BIO-B,Main Board,-,200,True
2899.HK,2899,ZIJIN MINING,Main Board,-,"2,000",True
2913.HK,2913,TIAN CHENG-OLD,Main Board,-,"1,000",True
2915.HK,2915,YUNJI,Main Board,-,500,True
2916.HK,2916,TECHTRONIC-500,Main Board,-,500,True
2920.HK,2920,BONJOUR H-OLD,Main Board,-,400,True
2921.HK,2921,CAPITAL IND-OLD,Main Board,-,20,True
2922.HK,2922,REALORD TEC-OLD,Main Board,-,"8,000",True
2923.HK,2923,CENTURY GP-OLD,Main Board,-,250,True
2925.HK,2925,JINTAI ENGY-OLD,Main Board,-,200,True
2929.HK,2929,TSINGTAO BR-2K,Main Board,-,"2,000",True
2930.HK,2930,ABLE DIGI-100,Main Board,-,100,True
2933.HK,2933,YUK WING GP RTS,Main Board,-,"2,000",True
2935.HK,2935,WENGE AI-200,Main Board,-,200,True
2936.HK,2936,SG GROUP HLDGS,Main Board,-,"5,000",True
2938.HK,2938,KING INTL INV,Main Board,-,"2,000",True
3200.HK,3200,HANS CNC,Main Board,-,100,True
3223.HK,3223,INGENIC,Main Board,-,100,True
3228.HK,3228,KINWONG,Main Board,-,100,True
3231.HK,3231,EXCELLAND ROBOT,Main Board,-,200,True
3268.HK,3268,MEIG,Main Board,-,100,True
3277.HK,3277,GPIXEL,Main Board,-,100,True
3288.HK,3288,HAITIAN FLAV,Main Board,-,100,True
3296.HK,3296,HUAQIN,Main Board,-,100,True
3300.HK,3300,CHINA GLASS,Main Board,-,"2,000",True
3301.HK,3301,RONSHINECHINA,Main Board,-,500,True
3302.HK,3302,KINERGY,Main Board,-,"2,000",True
3303.HK,3303,JUTAL OIL SER,Main Board,-,"2,000",True
3306.HK,3306,JNBY,Main Board,-,500,True
3308.HK,3308,ZJ INNOLIGHT,Main Board,-,50,True
3309.HK,3309,C-MER MEDICAL,Main Board,-,"2,000",True
3310.HK,3310,VIEWTRIX TECH,Main Board,-,200,True
3311.HK,3311,CHINA STATE CON,Main Board,-,"2,000",True
3313.HK,3313,ARTGO HOLDINGS,Main Board,-,"5,000",True
3315.HK,3315,GOLDPAC GROUP,Main Board,-,"1,000",True
3316.HK,3316,BINJIANG SER,Main Board,-,500,True
3317.HK,3317,XUNCE,Main Board,-,100,True
3318.HK,3318,CHINA BOTON,Main Board,-,"2,000",True
3319.HK,3319,A-LIVING,Main Board,-,250,True
3320.HK,3320,CHINARES PHARMA,Main Board,-,500,True
3321.HK,3321,ZHONGKE GROUP,Main Board,-,"10,000",True
3322.HK,3322,WIN HANVERKY,Main Board,-,"2,000",True
3323.HK,3323,CNBM,Main Board,-,"2,000",True
3328.HK,3328,BANKCOMM,Main Board,-,"1,000",True
3329.HK,3329,BOCOM INTL,Main Board,-,"1,000",True
3330.HK,3330,LINGBAO GOLD,Main Board,-,100,True
3332.HK,3332,SINOLIFE UTD,Main Board,-,"2,000",True
3336.HK,3336,JU TENG INTL,Main Board,-,"2,000",True
3337.HK,3337,ANTON OILFIELD,Main Board,-,"2,000",True
3339.HK,3339,LONKING,Main Board,-,"1,000",True
3347.HK,3347,TIGERMED,Main Board,-,100,True
3348.HK,3348,CHINA PENGFEI,Main Board,-,"2,000",True
3355.HK,3355,FS.COM,Main Board,-,100,True
3360.HK,3360,FE HORIZON,Main Board,-,"1,000",True
3363.HK,3363,ZHENGYE INT'L,Main Board,-,"2,000",True
3366.HK,3366,OCT (ASIA),Main Board,-,"2,000",True
3368.HK,3368,PARKSON GROUP,Main Board,-,500,True
3369.HK,3369,QHD PORT,Main Board,-,500,True
3377.HK,3377,SINO-OCEAN GP,Main Board,-,500,True
3378.HK,3378,HANXBIO-B,Main Board,-,100,True
3380.HK,3380,LOGAN GROUP,Main Board,-,"1,000",True
3382.HK,3382,TIANJINPORT DEV,Main Board,-,"2,000",True
3383.HK,3383,AGILE GROUP,Main Board,-,"2,000",True
3388.HK,3388,CREALITY,Main Board,-,150,True
3389.HK,3389,HENGDELI,Main Board,-,"4,000",True
3390.HK,3390,TYCOON GROUP,Main Board,-,"2,000",True
3393.HK,3393,WASION HOLDINGS,Main Board,-,"2,000",True
3395.HK,3395,JX ENERGY,Main Board,-,"1,000",True
3396.HK,3396,LEGENDHOLDING,Main Board,-,100,True
3398.HK,3398,CHINA TING,Main Board,-,"2,000",True
3399.HK,3399,YUEYUN TRANS,Main Board,-,"1,000",True
3600.HK,3600,MODERN DENTAL,Main Board,-,"1,000",True
3601.HK,3601,LUDASHI,Main Board,-,"1,000",True
3603.HK,3603,XINJI SHAXI,Main Board,-,"3,000",True
3606.HK,3606,FUYAO GLASS,Main Board,-,400,True
3613.HK,3613,TONGRENTANGCM,Main Board,-,"1,000",True
3616.HK,3616,EVER REACH GP,Main Board,-,"2,000",True
3618.HK,3618,CQRC BANK,Main Board,-,"1,000",True
3623.HK,3623,C SUCCESS FIN,Main Board,-,"2,000",True
3625.HK,3625,FOURSEMI,Main Board,-,100,True
3626.HK,3626,EAST NOVA HLDGS,Main Board,-,"2,000",True
3628.HK,3628,RENHENG ENT,Main Board,-,"4,000",True
3633.HK,3633,ZHONGYU ENERGY,Main Board,-,"1,000",True
3636.HK,3636,JINXUN RESOURCE,Main Board,-,200,True
3638.HK,3638,HUNLICAR GROUP,Main Board,-,"1,000",True
3639.HK,3639,YIDA CHINA,Main Board,-,"2,000",True
3650.HK,3650,KEEP,Main Board,-,100,True
3658.HK,3658,NEW HOPE SERV,Main Board,-,"1,000",True
3660.HK,3660,QFIN-S,Main Board,-,50,True
3661.HK,3661,SG MICRO,Main Board,-,100,True
3662.HK,3662,STARJOY W&T,Main Board,-,"1,000",True
3666.HK,3666,SHANGHAI XNG,Main Board,-,"2,000",True
3668.HK,3668,YANCOAL AUS,Main Board,-,100,True
3669.HK,3669,YONGDA AUTO,Main Board,-,500,True
3677.HK,3677,ZENERGY,Main Board,-,300,True
3678.HK,3678,HOLLY FUTURES,Main Board,-,"1,000",True
3680.HK,3680,RUIHE DATA,Main Board,-,"2,000",True
3681.HK,3681,SINOMAB BIO-B,Main Board,-,300,True
3683.HK,3683,GREAT HARVEST,Main Board,-,"2,500",True
3686.HK,3686,CLIFFORDML,Main Board,-,"10,000",True
3688.HK,3688,TOP SPRING,Main Board,-,500,True
3689.HK,3689,KANGHUA HEALTH,Main Board,-,200,True
3690.HK,3690,MEITUAN-W,Main Board,-,100,True
3692.HK,3692,HANSOH PHARMA,Main Board,-,"2,000",True
3696.HK,3696,INSILICO,Main Board,-,500,True
3698.HK,3698,HUISHANG BANK,Main Board,-,"1,000",True
3699.HK,3699,EB GRAND CHINA,Main Board,-,"2,000",True
3700.HK,3700,INKEVERSE,Main Board,-,"1,000",True
3708.HK,3708,WORLD DIGI ECON,Main Board,-,"10,000",True
3709.HK,3709,EEKA FASHION,Main Board,-,500,True
3718.HK,3718,BJ ENT URBAN,Main Board,-,"4,000",True
3728.HK,3728,CHING LEE,Main Board,-,"20,000",True
3737.HK,3737,ZHONGZHIPHARM,Main Board,-,"1,000",True
3738.HK,3738,VOBILE GROUP,Main Board,-,"1,000",True
3750.HK,3750,CATL,Main Board,-,100,True
3752.HK,3752,ROKAE ROBOTICS,Main Board,-,100,True
3757.HK,3757,ROBOTECHNIK,Main Board,-,50,True
3759.HK,3759,PHARMARON,Main Board,-,100,True
3768.HK,3768,DCWT,Main Board,-,"1,000",True
3773.HK,3773,YS DIGIFAVOR,Main Board,-,"2,000",True
3774.HK,3774,FAMEGLOW,Main Board,-,"1,000",True
3778.HK,3778,CHINA WEAVING,Main Board,-,"2,000",True
3788.HK,3788,HANKING GOLD,Main Board,-,"1,000",True
3789.HK,3789,ROYAL DELUXE,Main Board,-,"4,000",True
3798.HK,3798,HOMELAND ITL,Main Board,-,"2,000",True
3800.HK,3800,GCL TECH,Main Board,-,"1,000",True
3808.HK,3808,SINOTRUK,Main Board,-,500,True
3813.HK,3813,POU SHENG INT'L,Main Board,-,"1,000",True
3816.HK,3816,KFM KINGDOM,Main Board,-,"4,000",True
3818.HK,3818,CHINA DONGXIANG,Main Board,-,"1,000",True
3822.HK,3822,SAM WOO CONS,Main Board,-,"4,000",True
3828.HK,3828,MING FAI INT'L,Main Board,-,"1,000",True
3830.HK,3830,KIDDIELAND,Main Board,-,"5,000",True
3833.HK,3833,XINXIN MINING,Main Board,-,"1,000",True
3836.HK,3836,HARMONY AUTO,Main Board,-,500,True
3838.HK,3838,CHINA STARCH,Main Board,-,"5,000",True
3839.HK,3839,CPBIO,Main Board,-,500,True
3848.HK,3848,HAOSEN FINTECH,Main Board,-,"1,000",True
3858.HK,3858,JIAXIN INTL RES,Main Board,-,400,True
3860.HK,3860,EPS HEALTH TECH,Main Board,-,"5,000",True
3866.HK,3866,BQD,Main Board,-,500,True
3868.HK,3868,XINYI ENERGY,Main Board,-,"2,000",True
3869.HK,3869,HOSPITAL CORP,Main Board,-,200,True
3877.HK,3877,CSSC SHIPPING,Main Board,-,"2,000",True
3878.HK,3878,VICON HOLDINGS,Main Board,-,"2,000",True
3880.HK,3880,MEDTIDE,Main Board,-,100,True
3881.HK,3881,CIDI,Main Board,-,100,True
3882.HK,3882,SKYLIGHT HLDG,Main Board,-,"1,000",True
3883.HK,3883,CHINA AOYUAN,Main Board,-,"1,000",True
3886.HK,3886,TOWN HEALTH,Main Board,-,"2,000",True
3887.HK,3887,HASHKEY HLDGS,Main Board,-,400,True
3888.HK,3888,KINGSOFT,Main Board,-,200,True
3889.HK,3889,GLOBAL CORN GP,Main Board,-,"2,000",True
3893.HK,3893,CROSSTEC,Main Board,-,"12,000",True
3896.HK,3896,KINGSOFT CLOUD,Main Board,-,"2,000",True
3898.HK,3898,TIMES ELECTRIC,Main Board,-,100,True
3899.HK,3899,CIMC ENRIC,Main Board,-,"2,000",True
3900.HK,3900,GREENTOWN CHINA,Main Board,-,500,True
3903.HK,3903,HANHUA HOLDING,Main Board,-,"2,000",True
3908.HK,3908,CICC,Main Board,-,400,True
3913.HK,3913,KWG LIVING,Main Board,-,"1,000",True
3918.HK,3918,NAGACORP,Main Board,-,"2,000",True
3919.HK,3919,GOLDENPOWER,Main Board,-,"4,000",True
3928.HK,3928,CHINA NEXT-GEN,Main Board,-,500,True
3931.HK,3931,CALB,Main Board,-,100,True
3933.HK,3933,UNITED LAB,Main Board,-,"2,000",True
3938.HK,3938,LFG INV HLDGS,Main Board,-,"2,000",True
3939.HK,3939,WANGUO GOLD GP,Main Board,-,500,True
3952.HK,3952,LAIFUAL,Main Board,-,100,True
3958.HK,3958,DFZQ,Main Board,-,400,True
3963.HK,3963,RONGZHONG FIN,Main Board,-,"10,000",True
3968.HK,3968,CM BANK,Main Board,-,500,True
3969.HK,3969,CHINA CRSC,Main Board,-,"1,000",True
3978.HK,3978,BESTSTUDY EDU,Main Board,-,"1,000",True
3983.HK,3983,CHINA BLUECHEM,Main Board,-,"2,000",True
3986.HK,3986,GIGADEVICE,Main Board,-,100,True
3988.HK,3988,BANK OF CHINA,Main Board,-,"1,000",True
3989.HK,3989,CAPITAL ENV,Main Board,-,"2,000",True
3990.HK,3990,MIDEA REAL EST,Main Board,-,200,True
3991.HK,3991,CHANGHONG JH,Main Board,-,"2,000",True
3993.HK,3993,CMOC,Main Board,-,"3,000",True
3996.HK,3996,CH ENERGY ENG,Main Board,-,"2,000",True
3997.HK,3997,TSO,Main Board,-,"2,000",True
3998.HK,3998,BOSIDENG,Main Board,-,"2,000",True
3999.HK,3999,DACHAN FOOD,Main Board,-,"1,000",True
6030.HK,6030,CITIC SEC,Main Board,-,500,True
6031.HK,6031,SANY HEAVY IND,Main Board,-,200,True
6033.HK,6033,TELECOM DIGIT,Main Board,-,"1,000",True
6036.HK,6036,APEX ACE HLDG,Main Board,-,"5,000",True
6038.HK,6038,G & M HLDGS,Main Board,-,"10,000",True
6049.HK,6049,POLY PPT SER,Main Board,-,200,True
6051.HK,6051,YOUZAN,Main Board,-,"5,000",True
6055.HK,6055,CTIHK,Main Board,-,"1,000",True
6058.HK,6058,CISI FIN,Main Board,-,"2,000",True
6060.HK,6060,ZA ONLINE,Main Board,-,100,True
6063.HK,6063,LOTUS HORIZON,Main Board,-,"8,000",True
6066.HK,6066,CSC,Main Board,-,500,True
6067.HK,6067,SENIOR MATERIAL,Main Board,-,500,True
6068.HK,6068,WISDOM EDU INTL,Main Board,-,"2,000",True
6069.HK,6069,SY HOLDINGS,Main Board,-,500,True
6078.HK,6078,HYGEIA HEALTH,Main Board,-,200,True
6080.HK,6080,WING CHI HLDGS,Main Board,-,"6,000",True
6082.HK,6082,BIREN TECH,Main Board,-,200,True
6083.HK,6083,WORLD-LINK LOG,Main Board,-,"4,000",True
6086.HK,6086,FANGZHOU JIANKE,Main Board,-,500,True
6088.HK,6088,FIT HON TENG,Main Board,-,"1,000",True
6090.HK,6090,BUTONG GROUP,Main Board,-,100,True
6093.HK,6093,HEVOL SERVICES,Main Board,-,"2,000",True
6098.HK,6098,CG SERVICES,Main Board,-,"1,000",True
6099.HK,6099,CMSC,Main Board,-,200,True
6100.HK,6100,TONGDAO LIEPIN,Main Board,-,200,True
6106.HK,6106,SEER TECH,Main Board,-,50,True
6108.HK,6108,NEW RAY MEDIC,Main Board,-,"8,000",True
6110.HK,6110,TOPSPORTS,Main Board,-,"1,000",True
6113.HK,6113,BITSTRAT HLDGS,Main Board,-,"2,000",True
6117.HK,6117,RIZHAO PORT JR,Main Board,-,"2,000",True
6118.HK,6118,AUSTAR,Main Board,-,"1,000",True
6119.HK,6119,TIAN YUAN GP,Main Board,-,"3,000",True
6123.HK,6123,YTO INTL EXP,Main Board,-,"2,000",True
6127.HK,6127,JOINN,Main Board,-,100,True
6128.HK,6128,GRAPHEX GROUP,Main Board,-,"10,000",True
6132.HK,6132,HJ SCIENCE-B,Main Board,-,100,True
6133.HK,6133,VITAL INNO,Main Board,-,"1,000",True
6136.HK,6136,KANGDA ENV,Main Board,-,"1,000",True
6138.HK,6138,HARBIN BANK,Main Board,-,"1,000",True
6158.HK,6158,ZHENRO PPT,Main Board,-,"1,000",True
6160.HK,6160,BEONE MEDICINES,Main Board,-,100,True
6162.HK,6162,TR INTERIORS,Main Board,-,"8,000",True
6163.HK,6163,GEMILANG INTL,Main Board,-,"2,000",True
6166.HK,6166,CIG,Main Board,-,50,True
6168.HK,6168,ZHOU LIU FU,Main Board,-,100,True
6169.HK,6169,YUHUA EDU,Main Board,-,"2,000",True
6178.HK,6178,EB SECURITIES,Main Board,-,200,True
6181.HK,6181,LAOPU GOLD,Main Board,-,100,True
6182.HK,6182,TWINTEK,Main Board,-,"8,000",True
6185.HK,6185,CANSINOBIO,Main Board,-,200,True
6186.HK,6186,CHINA FEIHE,Main Board,-,"1,000",True
6188.HK,6188,BJ DIGITAL,Main Board,-,500,True
6189.HK,6189,ADWAY,Main Board,-,500,True
6190.HK,6190,BANKOFJIUJIANG,Main Board,-,200,True
6193.HK,6193,TAILAM TECHCON,Main Board,-,"2,000",True
6196.HK,6196,BANKOFZHENGZHOU,Main Board,-,"1,000",True
6198.HK,6198,QINGDAO PORT,Main Board,-,"1,000",True
6199.HK,6199,BANK OF GUIZHOU,Main Board,-,"1,000",True
6600.HK,6600,ONEROBOTICS,Main Board,-,100,True
6601.HK,6601,CHEERWIN GP,Main Board,-,500,True
6603.HK,6603,IFBH,Main Board,-,200,True
6608.HK,6608,BAIRONG AI-W,Main Board,-,500,True
6609.HK,6609,HEARTCARE-B,Main Board,-,50,True
6610.HK,6610,FLOWING CLOUD,Main Board,-,"1,000",True
6611.HK,6611,SANXUN GROUP,Main Board,-,"1,000",True
6613.HK,6613,LENS,Main Board,-,200,True
6616.HK,6616,GLOBAL NEW MAT,Main Board,-,"1,000",True
6618.HK,6618,JD HEALTH,Main Board,-,50,True
6622.HK,6622,ZHAOKE OPHTH-B,Main Board,-,500,True
6623.HK,6623,LUFAX,Main Board,-,100,True
6626.HK,6626,YUEXIU SERVICES,Main Board,-,500,True
6628.HK,6628,TRANSCENTA-B,Main Board,-,500,True
6633.HK,6633,QINGCI GAMES,Main Board,-,500,True
6636.HK,6636,EXTREME VISION,Main Board,-,50,True
6639.HK,6639,ARRAIL GROUP,Main Board,-,500,True
6651.HK,6651,51WORLD,Main Board,-,200,True
6655.HK,6655,HX BLDG MAT,Main Board,-,100,True
6656.HK,6656,SIGENERGY,Main Board,-,100,True
6657.HK,6657,BAIWANG CO,Main Board,-,100,True
6658.HK,6658,LIULIUMEI,Main Board,-,100,True
6660.HK,6660,AIM VACCINE,Main Board,-,200,True
6661.HK,6661,HUZHOU GAS,Main Board,-,500,True
6663.HK,6663,IWS GROUP,Main Board,-,"10,000",True
6666.HK,6666,EVERG SERVICES,Main Board,-,500,True
6667.HK,6667,MEGA GENOMICS,Main Board,-,200,True
6668.HK,6668,E-STAR CM,Main Board,-,"1,000",True
6669.HK,6669,ACOTEC-B,Main Board,-,"1,000",True
6675.HK,6675,SENASIC,Main Board,-,200,True
6676.HK,6676,ZG GROUP-W,Main Board,-,500,True
6677.HK,6677,SINO-OCEAN SERV,Main Board,-,500,True
6680.HK,6680,JLMAG,Main Board,-,200,True
6681.HK,6681,BRAINAURORA-B,Main Board,-,"1,000",True
6682.HK,6682,PHANCY,Main Board,-,100,True
6683.HK,6683,STARPLUS LEGEND,Main Board,-,500,True
6686.HK,6686,NOAH HOLDINGS,Main Board,-,100,True
6687.HK,6687,JST GROUP,Main Board,-,100,True
6690.HK,6690,HAIER SMARTHOME,Main Board,-,200,True
6693.HK,6693,CHIFENG GOLD,Main Board,-,200,True
6696.HK,6696,MANY IDEA CLOUD,Main Board,-,"1,000",True
6698.HK,6698,STAR CM,Main Board,-,100,True
6699.HK,6699,ANGELALIGN,Main Board,-,200,True
6715.HK,6715,XUNLONG SCITECH,Main Board,-,100,True
6727.HK,6727,TRANSWARP,Main Board,-,100,True
6731.HK,6731,DIRECT DRIVE,Main Board,-,100,True
6745.HK,6745,BEFAR GROUP,Main Board,-,"1,000",True
6802.HK,6802,CAMSENSE,Main Board,-,100,True
6805.HK,6805,KIMOU ENVIRON,Main Board,-,"2,000",True
6806.HK,6806,SWHY,Main Board,-,800,True
6808.HK,6808,SUNART RETAIL,Main Board,-,500,True
6809.HK,6809,MONTAGE TECH,Main Board,-,100,True
6810.HK,6810,SUNMI TECH-W,Main Board,-,100,True
6811.HK,6811,TAI HING GROUP,Main Board,-,"1,000",True
6812.HK,6812,WINSON HLDGS HK,Main Board,-,"5,000",True
6816.HK,6816,PROSPER CONS,Main Board,-,"2,000",True
6818.HK,6818,CEB BANK,Main Board,-,"1,000",True
6820.HK,6820,FRIENDTIMES,Main Board,-,"2,000",True
6821.HK,6821,ASYMCHEM,Main Board,-,100,True
6822.HK,6822,KING'S FLAIR,Main Board,-,"2,000",True
6823.HK,6823,HKT-SS,Main Board,-,"1,000",True
6826.HK,6826,HAOHAI BIOTEC,Main Board,-,100,True
6828.HK,6828,BG BLUE SKY,Main Board,-,"8,000",True
6829.HK,6829,DRAGON RISE GP,Main Board,-,"1,000",True
6830.HK,6830,HUAZHONG IN-V,Main Board,-,"2,000",True
6831.HK,6831,GREEN TEA GROUP,Main Board,-,400,True
6833.HK,6833,SINCO PHARMA,Main Board,-,"4,000",True
6838.HK,6838,WINOX,Main Board,-,"2,000",True
6839.HK,6839,YUNNAN WATER,Main Board,-,"1,000",True
6855.HK,6855,ASCENTAGE,Main Board,-,100,True
6858.HK,6858,HONMAGOLF,Main Board,-,500,True
6860.HK,6860,FINGERTANGO,Main Board,-,"1,000",True
6862.HK,6862,HAIDILAO,Main Board,-,"1,000",True
6865.HK,6865,FLAT GLASS,Main Board,-,"1,000",True
6866.HK,6866,ZUOLI KECHUANG,Main Board,-,"2,000",True
6868.HK,6868,TENFU,Main Board,-,"1,000",True
6869.HK,6869,YOFC,Main Board,-,500,True
6871.HK,6871,ROBOTPHOENIX,Main Board,-,100,True
6872.HK,6872,TENNOR THERAP-B,Main Board,-,50,True
6877.HK,6877,TE HEALTHCARE,Main Board,-,"5,000",True
6878.HK,6878,DIFFER GP AUTO,Main Board,-,"10,000",True
6880.HK,6880,MOMENTA-W,Main Board,-,20,True
6881.HK,6881,CGS,Main Board,-,500,True
6882.HK,6882,EGL HOLDINGS,Main Board,-,"2,000",True
6883.HK,6883,ETERNAL BEAUTY,Main Board,-,"1,000",True
6885.HK,6885,JINMA ENERGY,Main Board,-,"1,000",True
6886.HK,6886,HTSC,Main Board,-,200,True
6887.HK,6887,SUNSHINE PHARMA,Main Board,-,100,True
6888.HK,6888,FREETECH,Main Board,-,"1,000",True
6889.HK,6889,DYNAM JAPAN,Main Board,-,200,True
6890.HK,6890,KANGLI INT HLDG,Main Board,-,"2,000",True
6893.HK,6893,HINSANG GROUP,Main Board,-,"2,000",True
6896.HK,6896,GOLDEN THROAT,Main Board,-,500,True
6898.HK,6898,CHINA ALUMCAN,Main Board,-,"2,000",True
6899.HK,6899,OURGAME,Main Board,-,"1,000",True
6908.HK,6908,HG SEMI,Main Board,-,"5,000",True
6909.HK,6909,BETTERLIFE HLDG,Main Board,-,"1,000",True
6911.HK,6911,LANCANG TEA,Main Board,-,200,True
6913.HK,6913,SCVE GROUP,Main Board,-,"2,000",True
6915.HK,6915,JIANGXI BIO,Main Board,-,500,True
6918.HK,6918,JIUTAI DIGITAL,Main Board,-,"2,000",True
6919.HK,6919,RENRUI HR,Main Board,-,100,True
6922.HK,6922,CRYOFOCUS-B,Main Board,-,200,True
6928.HK,6928,TOMO HOLDINGS,Main Board,-,"4,000",True
6929.HK,6929,ORBUSNEICH,Main Board,-,500,True
6933.HK,6933,SINO-ENTERTAIN,Main Board,-,"2,000",True
6936.HK,6936,SF HOLDING,Main Board,-,200,True
6938.HK,6938,RIBOLIFE-B,Main Board,-,200,True
6939.HK,6939,MEGAIN,Main Board,-,"2,000",True
6951.HK,6951,CCTC,Main Board,-,100,True
6955.HK,6955,BOAN BIOTECH,Main Board,-,200,True
6958.HK,6958,ZHENRO SERVICES,Main Board,-,"1,000",True
6959.HK,6959,CHANGJIU HLDGS,Main Board,-,100,True
6960.HK,6960,SHUANGDENG,Main Board,-,500,True
6963.HK,6963,SUNSHINE INS,Main Board,-,500,True
6966.HK,6966,C WAN TONG YUAN,Main Board,-,"10,000",True
6968.HK,6968,GANGLONG CHINA,Main Board,-,"1,000",True
6969.HK,6969,SMOORE INTL,Main Board,-,"1,000",True
6978.HK,6978,IMMUNOTECH-B,Main Board,-,"1,000",True
6979.HK,6979,ZJLD,Main Board,-,200,True
6980.HK,6980,BAMA TEA,Main Board,-,100,True
6988.HK,6988,JOY SPREADER,Main Board,-,"1,000",True
6989.HK,6989,EXCELLENCE CM,Main Board,-,"1,000",True
6990.HK,6990,SKB BIO,Main Board,-,100,True
6993.HK,6993,BLUE MOON GROUP,Main Board,-,500,True
6996.HK,6996,ANTENGENE-B,Main Board,-,500,True
6998.HK,6998,EDDING GENOR,Main Board,-,500,True
6999.HK,6999,LEADING HLDGS,Main Board,-,"1,000",True
7489.HK,7489,VOYAH AUTO,Main Board,-,"1,000",True
7618.HK,7618,JD INDUSTRIALS,Main Board,-,200,True
7630.HK,7630,IMPACT THERAP-B,Main Board,-,200,True
7656.HK,7656,RECONOVA,Main Board,-,200,True
7666.HK,7666,METIS TECHBIO-P,Main Board,-,500,True
7687.HK,7687,EACON,Main Board,-,50,True
7688.HK,7688,TOPNC,Main Board,-,100,True
8003.HK,8003,GREAT WORLD,GEM,-,"6,000",False
8005.HK,8005,YUXING INFOTECH,GEM,-,"2,000",False
8006.HK,8006,SINO SPLENDID,GEM,-,"10,000",False
8007.HK,8007,GLOBALSTRAT,GEM,-,"10,000",False
8013.HK,8013,ECI TECH,GEM,-,"20,000",False
8017.HK,8017,TRADEGO,GEM,-,"4,000",False
8018.HK,8018,FINSOFT FIN,GEM,-,"10,000",False
8019.HK,8019,HAO WEN HLDGS,GEM,-,"20,000",False
8020.HK,8020,UNITAS HOLD,GEM,-,"10,000",False
8021.HK,8021,WLS HOLDINGS,GEM,-,"10,000",False
8023.HK,8023,KWONG MAN KEE,GEM,-,"6,000",False
8026.HK,8026,CB GLOBAL,GEM,-,"1,000",False
8027.HK,8027,KPM HOLDING,GEM,-,"10,000",False
8028.HK,8028,TIMELESS,GEM,-,"20,000",False
8029.HK,8029,CI FIN TECH GP,GEM,-,"5,000",False
8030.HK,8030,FENGYINHE,GEM,-,"1,000",False
8031.HK,8031,ETS GROUP,GEM,-,"2,000",False
8033.HK,8033,VODATEL NETWORK,GEM,-,"2,000",False
8035.HK,8035,JANCO HOLDINGS,GEM,-,"10,000",False
8036.HK,8036,EBROKER GROUP,GEM,-,"10,000",False
8037.HK,8037,CH BIOTECH SER,GEM,-,"5,000",False
8039.HK,8039,CHINA COME RIDE,GEM,-,"8,000",False
8040.HK,8040,COOLPOINT INNO,GEM,-,"5,000",False
8041.HK,8041,INTELLIMARK AI,GEM,-,"5,000",False
8042.HK,8042,KOS TALENT GP,GEM,-,"10,000",False
8043.HK,8043,ATLINKS,GEM,-,"5,000",False
8047.HK,8047,CHINA OCEAN GP,GEM,-,"4,000",False
8049.HK,8049,JILIN CHANGLONG,GEM,-,"4,000",False
8050.HK,8050,CITY COOLXUAN,GEM,-,"2,000",False
8051.HK,8051,CIRCUTECH,GEM,-,200,False
8052.HK,8052,LUK HING ENT,GEM,-,"20,000",False
8056.HK,8056,LIFE CONCEPTS,GEM,-,"10,000",False
8057.HK,8057,MADISON HLDG,GEM,-,"4,000",False
8059.HK,8059,GLORY FLAME,GEM,-,"5,000",False
8060.HK,8060,GLOBAL LINK,GEM,-,"10,000",False
8062.HK,8062,EFT SOLUTIONS,GEM,-,"5,000",False
8065.HK,8065,KML TECH,GEM,-,"5,000",False
8066.HK,8066,PHOENITRON HOLD,GEM,-,"5,000",False
8067.HK,8067,OUC HOLDINGS,GEM,-,"1,000",False
8069.HK,8069,FLYDOO TECH,GEM,-,"5,000",False
8070.HK,8070,KEEN OCEAN,GEM,-,"5,000",False
8071.HK,8071,CH NETCOMTECH,GEM,-,"5,000",False
8072.HK,8072,LANGU CO,GEM,-,"20,000",False
8073.HK,8073,SFSY NEW MAT,GEM,-,"4,000",False
8076.HK,8076,SING LEE,GEM,-,"5,000",False
8079.HK,8079,LIT LIFE,GEM,-,"5,000",False
8080.HK,8080,NAS HOLDINGS,GEM,-,"20,000",False
8081.HK,8081,BAIJUYI HOLD,GEM,-,"10,000",False
8082.HK,8082,QINGHUA HOLD,GEM,-,"10,000",False
8087.HK,8087,CHINA 33 GROUP,GEM,-,"2,000",False
8090.HK,8090,BAOGAI,GEM,-,500,False
8091.HK,8091,OOH HOLDINGS,GEM,-,"10,000",False
8092.HK,8092,ITE HOLDINGS,GEM,-,"4,000",False
8093.HK,8093,WEB3 META,GEM,-,"2,000",False
8095.HK,8095,BEIDA JADE BIRD,GEM,-,"1,000",False
8096.HK,8096,TASTY CONCEPTS,GEM,-,"5,000",False
8098.HK,8098,CL GROUP,GEM,-,"10,000",False
8100.HK,8100,FAMOUS TECH INT,GEM,-,"6,000",False
8103.HK,8103,HMVOD,GEM,-,"1,500",False
8106.HK,8106,XINHUA LANDE,GEM,-,"5,000",False
8107.HK,8107,FICUS TECH,GEM,-,"5,000",False
8111.HK,8111,CT IND GROUP,GEM,-,"10,000",False
8112.HK,8112,CORNERSTONE FIN,GEM,-,"24,000",False
8113.HK,8113,V&V TECH,GEM,-,"5,000",False
8115.HK,8115,QINGDA ORI-500,GEM,-,500,False
8117.HK,8117,CHI P ENERGY,GEM,-,"10,000",False
8118.HK,8118,ZHONGZI INTL H,GEM,-,"8,000",False
8120.HK,8120,CH DEMETER FIN,GEM,-,"5,000",False
8121.HK,8121,GUOEN HOLDINGS,GEM,-,"10,000",False
8123.HK,8123,SINOFORTUNE FIN,GEM,-,"5,000",False
8125.HK,8125,RJVAN,GEM,-,"8,000",False
8128.HK,8128,SINO ENGY CONS,GEM,-,"10,000",False
8130.HK,8130,DADI INTL GROUP,GEM,-,"20,000",False
8131.HK,8131,NOVATECH INTEL,GEM,-,"10,000",False
8132.HK,8132,CENTURY EN INTL,GEM,-,"10,000",False
8133.HK,8133,JISHENG GP HLDG,GEM,-,"8,000",False
8136.HK,8136,IMS GROUP,GEM,-,"10,000",False
8137.HK,8137,HONBRIDGE,GEM,-,"2,000",False
8139.HK,8139,CHANGAN RH,GEM,-,500,False
8140.HK,8140,BOSATECH,GEM,-,"10,000",False
8143.HK,8143,GF HEALTHCARE,GEM,-,"10,000",False
8146.HK,8146,GRACEWINE,GEM,-,"10,000",False
8147.HK,8147,YUNJING DIGITEC,GEM,-,"8,000",False
8148.HK,8148,WUXI LIFE,GEM,-,"20,000",False
8149.HK,8149,ALTUS HLDGS,GEM,-,"10,000",False
8152.HK,8152,M&L HOLDINGS,GEM,-,"10,000",False
8153.HK,8153,JIADING INTL GP,GEM,-,"5,000",False
8156.HK,8156,SINOPHARM TECH,GEM,-,"10,000",False
8158.HK,8158,CRMI,GEM,-,"5,000",False
8159.HK,8159,CU VENTURE INV,GEM,-,"5,000",False
8160.HK,8160,GOLDWAY EDU,GEM,-,"12,000",False
8161.HK,8161,MEDINET GROUP,GEM,-,"4,000",False
8162.HK,8162,LOCO HK,GEM,-,"10,000",False
8163.HK,8163,NOIZ GROUP,GEM,-,"20,000",False
8168.HK,8168,AMASSE CAPITAL,GEM,-,"10,000",False
8169.HK,8169,ECO-TEK HLDGS,GEM,-,"10,000",False
8172.HK,8172,LAJIN ENT,GEM,-,"20,000",False
8173.HK,8173,HEPHAESTUS HLDG,GEM,-,"20,000",False
8176.HK,8176,SUPERROBOTICS,GEM,-,"5,000",False
8178.HK,8178,CHINA INFO TECH,GEM,-,"2,000",False
8179.HK,8179,PALINDA GROUP,GEM,-,"12,000",False
8181.HK,8181,KS SMART MGMT,GEM,-,"8,000",False
8186.HK,8186,HONOR MATRIX,GEM,-,"5,000",False
8187.HK,8187,JIMU GROUP,GEM,-,"5,000",False
8188.HK,8188,GME GROUP,GEM,-,"4,000",False
8189.HK,8189,TEDA BIOMEDICAL,GEM,-,"5,000",False
8191.HK,8191,HONG WEI ASIA,GEM,-,"6,000",False
8193.HK,8193,ASIAPAC FIN INV,GEM,-,"10,000",False
8195.HK,8195,LEGENDARY EDU,GEM,-,"2,000",False
8196.HK,8196,FUTIAN HOLDINGS,GEM,-,"8,000",False
8198.HK,8198,CRYPTO FLOW,GEM,-,"4,000",False
8200.HK,8200,SAU SAN TONG,GEM,-,"4,000",False
8201.HK,8201,PPS INT'L,GEM,-,"20,000",False
8203.HK,8203,KAISUN HOLDINGS,GEM,-,"10,000",False
8205.HK,8205,JIAODA WITHUB,GEM,-,"4,000",False
8206.HK,8206,S ROBOT EDU,GEM,-,"1,000",False
8208.HK,8208,RADIANCE GLO GP,GEM,-,"6,000",False
8210.HK,8210,DLC ASIA,GEM,-,"10,000",False
8213.HK,8213,STARGLORY HLDGS,GEM,-,"10,000",False
8217.HK,8217,JU FU TANG BIOT,GEM,-,"10,000",False
8218.HK,8218,ECHO INT HOLD,GEM,-,"12,000",False
8219.HK,8219,HANVEY GROUP,GEM,-,"10,000",False
8220.HK,8220,BINGO GROUP,GEM,-,"1,000",False
8221.HK,8221,GAOYU FINANCE,GEM,-,"5,000",False
8222.HK,8222,E LIGHTING,GEM,-,"4,000",False
8223.HK,8223,ZYY,GEM,-,"4,000",False
8225.HK,8225,C HEALTH GP,GEM,-,"20,000",False
8226.HK,8226,KOALA FIN GP,GEM,-,"5,000",False
8227.HK,8227,HAITIAN ANTENNA,GEM,-,"1,000",False
8229.HK,8229,FUTURE DATA,GEM,-,"5,000",False
8232.HK,8232,THAC GROUP,GEM,-,"5,000",False
8237.HK,8237,LINK HOLDINGS,GEM,-,"6,000",False
8238.HK,8238,JIUFANG DIGITAL,GEM,-,"8,000",False
8239.HK,8239,CAPITAL FIN,GEM,-,500,False
8241.HK,8241,YING KEE TEA,GEM,-,"5,000",False
8245.HK,8245,CANOPY SKYFIRE,GEM,-,"20,000",False
8246.HK,8246,ZHONGHUA GAS,GEM,-,"5,000",False
8247.HK,8247,BIOSINO BIO-TEC,GEM,-,"2,000",False
8249.HK,8249,RUIYUAN IC TECH,GEM,-,"5,000",False
8250.HK,8250,DU DU HLDGS,GEM,-,"10,000",False
8262.HK,8262,SUPER STRONG,GEM,-,"10,000",False
8267.HK,8267,LINEKONG,GEM,-,500,False
8268.HK,8268,SMART CITY DEV,GEM,-,"8,000",False
8269.HK,8269,GO UP EDU TECH,GEM,-,"30,000",False
8270.HK,8270,CHINA CBM,GEM,-,"10,000",False
8271.HK,8271,GDC,GEM,-,"2,000",False
8275.HK,8275,CHINA NEW CONS,GEM,-,"20,000",False
8277.HK,8277,STEEDORIENTAL,GEM,-,"2,000",False
8279.HK,8279,AGTECH HOLDINGS,GEM,-,"4,000",False
8280.HK,8280,CDV HOLDINGS,GEM,-,"2,000",False
8281.HK,8281,CH GOLD CLASSIC,GEM,-,"8,000",False
8282.HK,8282,GAMEONE,GEM,-,"12,000",False
8283.HK,8283,ZHONGSHI MINAN,GEM,-,"5,000",False
8285.HK,8285,SLING GROUP,GEM,-,"5,000",False
8286.HK,8286,CCOE,GEM,-,"5,000",False
8290.HK,8290,AHSAY BACKUP,GEM,-,"10,000",False
8291.HK,8291,HK ENT INTL,GEM,-,"10,000",False
8292.HK,8292,VSING,GEM,-,"10,000",False
8293.HK,8293,SINGASIA HLDG,GEM,-,"20,000",False
8295.HK,8295,KINGWISOFT TECH,GEM,-,"20,000",False
8296.HK,8296,SINO-LIFE GROUP,GEM,-,"4,000",False
8297.HK,8297,OCEAN STAR TECH,GEM,-,"2,500",False
8299.HK,8299,GT GOLD,GEM,-,"24,000",False
8300.HK,8300,JIN MI FANG GP,GEM,-,"20,000",False
8305.HK,8305,ST HLDGS,GEM,-,"10,000",False
8307.HK,8307,MEDICSKIN,GEM,-,"4,000",False
8308.HK,8308,GUDOU HLDGS,GEM,-,"4,000",False
8309.HK,8309,MANSHING GLOBAL,GEM,-,"10,000",False
8310.HK,8310,YANCHENG PORT,GEM,-,"10,000",False
8311.HK,8311,PERFECT OPT,GEM,-,"10,000",False
8313.HK,8313,ZACD,GEM,-,"10,000",False
8315.HK,8315,CEN PLAZA HOTEL,GEM,-,"10,000",False
8316.HK,8316,CHINA HONGBAO,GEM,-,"2,000",False
8317.HK,8317,FINET GROUP,GEM,-,"2,000",False
8319.HK,8319,EXPERT SYS,GEM,-,"10,000",False
8320.HK,8320,AEC GROUP,GEM,-,"20,000",False
8321.HK,8321,TAI KAM HLDGS,GEM,-,"10,000",False
8326.HK,8326,TK NEW ENERGY,GEM,-,"25,000",False
8328.HK,8328,XY ELEC STORAGE,GEM,-,"4,000",False
8329.HK,8329,NEP INTERLONG,GEM,-,"10,000",False
8331.HK,8331,P.B. GROUP,GEM,-,"10,000",False
8333.HK,8333,ASTRUM FIN,GEM,-,"5,000",False
8337.HK,8337,DIRECTEL,GEM,-,"10,000",False
8340.HK,8340,ZIJING INTL FIN,GEM,-,"5,000",False
8341.HK,8341,AESO HOLDING,GEM,-,"5,000",False
8347.HK,8347,F8 ENT,GEM,-,"8,000",False
8348.HK,8348,BINHAI TEDA,GEM,-,"2,000",False
8349.HK,8349,GUIXIN GROUP,GEM,-,"10,000",False
8350.HK,8350,WELL LINK SEC,GEM,-,"8,000",False
8356.HK,8356,TSUN YIP HLDGS,GEM,-,"2,000",False
8357.HK,8357,REPUBLIC HC,GEM,-,"5,000",False
8360.HK,8360,BASIC H NEWLIFE,GEM,-,"6,000",False
8362.HK,8362,WINNING TOWER,GEM,-,"20,000",False
8365.HK,8365,HATCHER GROUP,GEM,-,"10,000",False
8366.HK,8366,ZJ UNITED INV,GEM,-,"10,000",False
8367.HK,8367,SIMPLICITY HLDG,GEM,-,"10,000",False
8368.HK,8368,CREATIVE CHINA,GEM,-,"10,000",False
8370.HK,8370,ZHI SHENG GP,GEM,-,800,False
8371.HK,8371,TASTEGOURMET GP,GEM,-,"4,000",False
8372.HK,8372,GBG HOLDINGS,GEM,-,"10,000",False
8373.HK,8373,INDIGO STAR,GEM,-,"5,000",False
8375.HK,8375,DATA UNION CAP,GEM,-,"10,000",False
8377.HK,8377,HARBOUR EQUINE,GEM,-,"10,000",False
8379.HK,8379,PRIME INTEL,GEM,-,"10,000",False
8385.HK,8385,PROSPEROUSPRINT,GEM,-,"10,000",False
8391.HK,8391,CORNERSTONE TEC,GEM,-,"4,000",False
8392.HK,8392,SATU HOLDINGS,GEM,-,"10,000",False
8395.HK,8395,ZXZN QI-HOUSE,GEM,-,"20,000",False
8400.HK,8400,ASIA PIONEER,GEM,-,"10,000",False
8401.HK,8401,HUA XIA WATER,GEM,-,"2,000",False
8402.HK,8402,PLATEAU TL,GEM,-,"5,000",False
8403.HK,8403,DEFENG SOLIFE,GEM,-,"4,000",False
8406.HK,8406,CHINA ORAL IND,GEM,-,"10,000",False
8411.HK,8411,K W NELSON GP,GEM,-,"10,000",False
8412.HK,8412,NEW AMANTE,GEM,-,"10,000",False
8413.HK,8413,ASIA GROCERY,GEM,-,"10,000",False
8416.HK,8416,HM INTL HLDGS,GEM,-,"5,000",False
8417.HK,8417,DADI EDU,GEM,-,"10,000",False
8418.HK,8418,OPTIMA AUTO,GEM,-,"2,000",False
8419.HK,8419,AV PROMOTIONS,GEM,-,"5,000",False
8420.HK,8420,NEXION TECH,GEM,-,"5,000",False
8422.HK,8422,WT GROUP,GEM,-,"10,000",False
8423.HK,8423,CHI HO DEV,GEM,-,"10,000",False
8425.HK,8425,HING MING HLDGS,GEM,-,"4,000",False
8426.HK,8426,MODERN LIVING,GEM,-,"10,000",False
8427.HK,8427,WS-SK TARGET,GEM,-,400,False
8428.HK,8428,CBK HOLDINGS,GEM,-,"10,000",False
8429.HK,8429,SV VISION,GEM,-,"5,000",False
8430.HK,8430,C&N HOLDINGS,GEM,-,"10,000",False
8431.HK,8431,HAO BAI INTL,GEM,-,"10,000",False
8432.HK,8432,BAR PACIFIC,GEM,-,"10,000",False
8436.HK,8436,TAKBO GROUP,GEM,-,"5,000",False
8437.HK,8437,RMH HOLDINGS,GEM,-,"8,000",False
8439.HK,8439,SOMERLEY CAP,GEM,-,"2,000",False
8445.HK,8445,NOBLE ENG GP,GEM,-,"10,000",False
8446.HK,8446,BRIGHTSTAR TECH,GEM,-,"2,000",False
8447.HK,8447,MS CONCEPT,GEM,-,"10,000",False
8448.HK,8448,UNI PRINTSHOP,GEM,-,"20,000",False
8450.HK,8450,EDICO HOLDINGS,GEM,-,"10,000",False
8451.HK,8451,SUNLIGHT HLDGS,GEM,-,"10,000",False
8452.HK,8452,FY FINANCIAL,GEM,-,"2,000",False
8455.HK,8455,LAI GROUP,GEM,-,"10,000",False
8456.HK,8456,MANSION INTL,GEM,-,"10,000",False
8460.HK,8460,BASETROPHY GP,GEM,-,"5,000",False
8462.HK,8462,OMNIBRIDGE HLDG,GEM,-,"5,000",False
8471.HK,8471,REACH NEW HLDGS,GEM,-,"10,000",False
8472.HK,8472,LAPCO HOLDINGS,GEM,-,"2,000",False
8473.HK,8473,MI MING MART,GEM,-,"10,000",False
8475.HK,8475,E-STATION GTECH,GEM,-,"5,000",False
8480.HK,8480,FURNIWEB,GEM,-,"4,000",False
8481.HK,8481,SHENGLONG INTL,GEM,-,"5,000",False
8482.HK,8482,WAN LEADER,GEM,-,"10,000",False
8483.HK,8483,MAX SIGHT GROUP,GEM,-,"8,000",False
8487.HK,8487,ISP GLOBAL,GEM,-,"2,000",False
8489.HK,8489,GP LOGISTICS,GEM,-,"5,000",False
8490.HK,8490,NICHE-TECH SEMI,GEM,-,"5,000",False
8491.HK,8491,COOL LINK,GEM,-,"5,000",False
8493.HK,8493,S. DRAGON,GEM,-,"12,000",False
8495.HK,8495,1957 & CO.,GEM,-,"4,000",False
8496.HK,8496,GLOBAL UIN,GEM,-,"2,500",False
8500.HK,8500,ICONCULTURE,GEM,-,"10,000",False
8501.HK,8501,SANBASE CORP,GEM,-,"2,000",False
8502.HK,8502,OCEAN LINE PORT,GEM,-,"8,000",False
8507.HK,8507,I.CENTURY HLDG,GEM,-,"4,000",False
8509.HK,8509,WINE'S LINK,GEM,-,"4,000",False
8510.HK,8510,TOPSTANDARDCORP,GEM,-,"20,000",False
8511.HK,8511,MIN FU INTL,GEM,-,"2,000",False
8512.HK,8512,HYFUSIN GROUP,GEM,-,"10,000",False
8513.HK,8513,MAXWIN INT HLDG,GEM,-,"5,000",False
8516.HK,8516,ZY INTL,GEM,-,"5,000",False
8519.HK,8519,XINXIANG ERA,GEM,-,"20,000",False
8521.HK,8521,WEBX INTL HLDGS,GEM,-,"5,000",False
8525.HK,8525,BAIYING HOLDING,GEM,-,"2,000",False
8526.HK,8526,WING FUNG GROUP,GEM,-,"10,000",False
8527.HK,8527,JLOGO HLDGS,GEM,-,"5,000",False
8529.HK,8529,UBOT HOLDING,GEM,-,"5,000",False
8532.HK,8532,POLYFAIR HLDGS,GEM,-,"16,000",False
8535.HK,8535,VISTAR HOLDINGS,GEM,-,"20,000",False
8536.HK,8536,TL NATURAL GAS,GEM,-,"5,000",False
8537.HK,8537,CHONG FAI JEWEL,GEM,-,"10,000",False
8540.HK,8540,VICTORY SEC,GEM,-,"1,000",False
8545.HK,8545,AMUSE GROUP,GEM,-,"8,000",False
8547.HK,8547,PACIFIC LEGEND,GEM,-,"10,000",False
8549.HK,8549,GOLDEN LEAF INT,GEM,-,"5,000",False
8567.HK,8567,GF HEALTHCARE,GEM,-,"2,000",False
8573.HK,8573,SINO ENGY CONS,GEM,-,800,False
8582.HK,8582,QINGDA ORI-4000,GEM,-,"4,000",False
8583.HK,8583,CB GLOBAL,GEM,-,100,False
8601.HK,8601,BOLTEK,GEM,-,"10,000",False
8606.HK,8606,KINETIX SYSTEMS,GEM,-,"10,000",False
8610.HK,8610,BBSB INTL,GEM,-,"4,000",False
8611.HK,8611,JUFEEL,GEM,-,"5,000",False
8612.HK,8612,WORLD SUPER,GEM,-,"20,000",False
8613.HK,8613,ORIENTAL PAY,GEM,-,"10,000",False
8616.HK,8616,SUNRAY ENG GP,GEM,-,"10,000",False
8619.HK,8619,NIU HOLDINGS,GEM,-,"10,000",False
8620.HK,8620,AE LOGISTICS,GEM,-,"5,000",False
8621.HK,8621,METROPOLIS CAP,GEM,-,"8,000",False
8622.HK,8622,JOYZYME GROUP,GEM,-,"8,000",False
8623.HK,8623,CHINA SAFTOWER,GEM,-,"40,000",False
8627.HK,8627,ORANGE TOUR,GEM,-,"8,000",False
8629.HK,8629,SYNTRUST GK,GEM,-,500,False
8631.HK,8631,SUN KONG HLDGS,GEM,-,"10,000",False
8635.HK,8635,ELEPHANT HLDGS,GEM,-,"4,000",False
8637.HK,8637,METASURFACE,GEM,-,"1,000",False
8645.HK,8645,BYTE META,GEM,-,"6,000",False
8646.HK,8646,CHINA HONGGUANG,GEM,-,"3,000",False
8657.HK,8657,TRUE PARTNER,GEM,-,"2,000",False
8659.HK,8659,YIK WO INTL,GEM,-,"5,000",False
8668.HK,8668,YING HAI GROUP,GEM,-,"10,000",False
9600.HK,9600,NEWLINK TECH,Main Board,-,800,True
9606.HK,9606,DUALITYBIO-B,Main Board,-,100,True
9607.HK,9607,RA MATERIALS,Main Board,-,100,True
9608.HK,9608,SUNDY SERVICE,Main Board,-,"10,000",True
9609.HK,9609,HAIWEI ELEC,Main Board,-,200,True
9611.HK,9611,LONGCHEER,Main Board,-,100,True
9615.HK,9615,MECH-MIND ROBOT,Main Board,-,30,True
9616.HK,9616,NEUTECH GROUP,Main Board,-,800,True
9618.HK,9618,JD-SW,Main Board,-,50,True
9626.HK,9626,BILIBILI-W,Main Board,-,20,True
9630.HK,9630,CFMEE,Main Board,-,50,True
9633.HK,9633,NONGFU SPRING,Main Board,-,200,True
9636.HK,9636,JF SMARTINVEST,Main Board,-,100,True
9637.HK,9637,ALEBUND-B,Main Board,-,100,True
9638.HK,9638,FERRETTI,Main Board,-,100,True
9639.HK,9639,WING LEE DEV,Main Board,-,"5,000",True
9658.HK,9658,SUPER HI,Main Board,-,"1,000",True
9660.HK,9660,HORIZONROBOT-W,Main Board,-,600,True
9663.HK,9663,SINOSYNERGY,Main Board,-,500,True
9668.HK,9668,CBHB,Main Board,-,500,True
9669.HK,9669,BEISEN HOLDING,Main Board,-,200,True
9676.HK,9676,SHIYUE DAOTIAN,Main Board,-,300,True
9677.HK,9677,WEIHAI BANK,Main Board,-,"1,000",True
9678.HK,9678,UNISOUND,Main Board,-,20,True
9680.HK,9680,CHENQI TECH,Main Board,-,100,True
9686.HK,9686,XIKANG CLOUD,Main Board,-,500,True
9688.HK,9688,ZAI LAB,Main Board,-,100,True
9689.HK,9689,JTF INTL,Main Board,-,"4,000",True
9690.HK,9690,TUHU-W,Main Board,-,100,True
9696.HK,9696,TIANQI LITHIUM,Main Board,-,200,True
9698.HK,9698,GDS-SW,Main Board,-,100,True
9699.HK,9699,SF INTRA-CITY,Main Board,-,200,True
9856.HK,9856,LIGENT,Main Board,-,100,True
9857.HK,9857,LINMON MEDIA,Main Board,-,100,True
9858.HK,9858,YOURAN DAIRY,Main Board,-,"1,000",True
9860.HK,9860,ADICON HOLDINGS,Main Board,-,500,True
9863.HK,9863,LEAPMOTOR,Main Board,-,100,True
9866.HK,9866,NIO-SW,Main Board,-,10,True
9868.HK,9868,XPENG-W,Main Board,-,100,True
9869.HK,9869,HELENS,Main Board,-,500,True
9876.HK,9876,OCEAN ONE HLDG,Main Board,-,"2,000",True
9877.HK,9877,JENSCARE-B,Main Board,-,200,True
9878.HK,9878,HUITONGDA NET,Main Board,-,100,True
9879.HK,9879,MIGAO GROUP,Main Board,-,"1,000",True
9880.HK,9880,UBTECH ROBOTICS,Main Board,-,50,True
9881.HK,9881,RONGTA TECH,Main Board,-,500,True
9882.HK,9882,BEST LINKING,Main Board,-,"2,000",True
9885.HK,9885,YSB,Main Board,-,200,True
9886.HK,9886,DINGDANG HEALTH,Main Board,-,500,True
9887.HK,9887,LEADS BIOLABS-B,Main Board,-,100,True
9888.HK,9888,BIDU-W,Main Board,-,50,True
9889.HK,9889,DRCB,Main Board,-,"1,000",True
9890.HK,9890,TANWAN,Main Board,-,200,True
9893.HK,9893,PIZU GROUP,Main Board,-,"20,000",True
9896.HK,9896,MNSO,Main Board,-,200,True
9898.HK,9898,WB-SW,Main Board,-,20,True
9899.HK,9899,NETEASE MUSIC,Main Board,-,50,True
9900.HK,9900,ZCLOUD TECH CON,Main Board,-,"4,000",True
9901.HK,9901,NEW ORIENTAL-S,Main Board,-,100,True
9903.HK,9903,ILUVATAR COREX,Main Board,-,100,True
9906.HK,9906,HONLIV HEALTH,Main Board,-,"2,000",True
9908.HK,9908,JIAXING GAS,Main Board,-,500,True
9909.HK,9909,POWERLONG CM,Main Board,-,500,True
9911.HK,9911,NEWBORNTOWN,Main Board,-,"2,000",True
9913.HK,9913,CHI KAN HLDGS,Main Board,-,"4,000",True
9916.HK,9916,XINGYE WULIAN,Main Board,-,"2,000",True
9918.HK,9918,WISE ALLY INTL,Main Board,-,"2,000",True
9919.HK,9919,ACTIVATION GP,Main Board,-,"2,000",True
9922.HK,9922,JIUMAOJIU,Main Board,-,"1,000",True
9923.HK,9923,YEAHKA,Main Board,-,400,True
9926.HK,9926,AKESO,Main Board,-,"1,000",True
9927.HK,9927,SERES,Main Board,-,100,True
9928.HK,9928,TIMES NEIGHBOR,Main Board,-,"1,000",True
9929.HK,9929,SEM HLDGS,Main Board,-,"10,000",True
9930.HK,9930,HORIZON CD,Main Board,-,"1,000",True
9933.HK,9933,GHW INTL,Main Board,-,"4,000",True
9936.HK,9936,XIMEI RESOURCES,Main Board,-,500,True
9938.HK,9938,WAH WO HOLDINGS,Main Board,-,"5,000",True
9939.HK,9939,KINTOR PHARMA-B,Main Board,-,500,True
9955.HK,9955,CLOUDR,Main Board,-,100,True
9958.HK,9958,LITIAN PICTURES,Main Board,-,"1,000",True
9959.HK,9959,LINKLOGIS-W,Main Board,-,500,True
9960.HK,9960,KINDSTAR GLOBAL,Main Board,-,500,True
9961.HK,9961,TRIP.COM-S,Main Board,-,50,True
9963.HK,9963,TRANSTECH OPTEL,Main Board,-,"2,000",True
9966.HK,9966,ALPHAMAB-B,Main Board,-,"1,000",True
9968.HK,9968,HUIJING HLDGS,Main Board,-,"2,000",True
9969.HK,9969,INNOCARE,Main Board,-,"1,000",True
9971.HK,9971,BASICSEMI,Main Board,-,200,True
9973.HK,9973,CHERY AUTO,Main Board,-,100,True
9976.HK,9976,LONGSYS,Main Board,-,50,True
9978.HK,9978,FINELAND LIVING,Main Board,-,"4,000",True
9979.HK,9979,GREENTOWN MGMT,Main Board,-,"1,000",True
9980.HK,9980,EASTROC,Main Board,-,100,True
9981.HK,9981,WOER,Main Board,-,200,True
9982.HK,9982,CENTRALCHINA MT,Main Board,-,"2,000",True
9983.HK,9983,CC NEW LIFE,Main Board,-,"1,000",True
9985.HK,9985,WL DELICIOUS,Main Board,-,200,True
9986.HK,9986,DASHAN EDU,Main Board,-,"2,000",True
9987.HK,9987,YUM CHINA,Main Board,-,50,True
9988.HK,9988,BABA-W,Main Board,-,100,True
9989.HK,9989,HEPALINK,Main Board,-,500,True
9990.HK,9990,ARCHOSAUR GAMES,Main Board,-,"1,000",True
9991.HK,9991,BAOZUN-W,Main Board,-,100,True
9992.HK,9992,POP MART,Main Board,-,200,True
9993.HK,9993,RADIANCE HLDGS,Main Board,-,"1,000",True
9995.HK,9995,REMEGEN,Main Board,-,500,True
9996.HK,9996,PEIJIA-B,Main Board,-,"1,000",True
9998.HK,9998,KWAN YONG,Main Board,-,"5,000",True
9999.HK,9999,NTES,Main Board,-,100,True
